arm,step,base_mse,ret_mse,delta_mse
Individual-TF-Asym,1,0.10829197615385056,0.10757891833782196,-0.000713057816028595
Individual-TF-Asym,2,0.17632590234279633,0.17851650714874268,0.00219060480594635
Individual-TF-Asym,3,0.23593004047870636,0.23547346889972687,-0.0004565715789794922
Individual-TF-Asym,4,0.2819179892539978,0.28522711992263794,0.0033091306686401367
Individual-TF-Asym,5,0.31235048174858093,0.3281799852848053,0.015829503536224365
Individual-TF-Asym,6,0.32429397106170654,0.36239877343177795,0.03810480237007141
Individual-TF-Asym,7,0.3368546664714813,0.38118746876716614,0.044332802295684814
Individual-TF-Asym,8,0.34340018033981323,0.3877006769180298,0.04430049657821655
Individual-TF-Asym,9,0.34584885835647583,0.3865450620651245,0.04069620370864868
Individual-TF-Asym,10,0.3427376449108124,0.3883008062839508,0.04556316137313843
Individual-TF-Asym,11,0.35648396611213684,0.3881169259548187,0.031632959842681885
Individual-TF-Asym,12,0.34754276275634766,0.38940468430519104,0.041861921548843384
Individual-TF-Asym,13,0.3508741557598114,0.39160430431365967,0.04073014855384827
Individual-TF-Asym,14,0.3522796928882599,0.39068305492401123,0.03840336203575134
Individual-TF-Asym,15,0.35845935344696045,0.38324978947639465,0.024790436029434204
Individual-TF-Asym,16,0.3550506830215454,0.37667351961135864,0.021622836589813232
Individual-TF-Asym,17,0.3524538278579712,0.37162506580352783,0.01917123794555664
Individual-TF-Asym,18,0.3462146520614624,0.37536561489105225,0.029150962829589844
Individual-TF-Asym,19,0.34071412682533264,0.37455254793167114,0.0338384211063385
Individual-TF-Asym,20,0.3322613835334778,0.37443870306015015,0.04217731952667236
Individual-TF-Asym,21,0.3291364014148712,0.373406320810318,0.04426991939544678
Individual-TF-Asym,22,0.33150604367256165,0.36090168356895447,0.029395639896392822
Individual-TF-Asym,23,0.3319018483161926,0.3427611291408539,0.010859280824661255
Individual-TF-Asym,24,0.33367371559143066,0.33342495560646057,-0.0002487599849700928
Individual-TF-Asym,25,0.3414066731929779,0.351470023393631,0.010063350200653076
Individual-TF-Asym,26,0.35546693205833435,0.37304526567459106,0.017578333616256714
Individual-TF-Asym,27,0.36839064955711365,0.39411407709121704,0.025723427534103394
Individual-TF-Asym,28,0.3782218098640442,0.40773627161979675,0.029514461755752563
Individual-TF-Asym,29,0.3870416581630707,0.4199238419532776,0.03288218379020691
Individual-TF-Asym,30,0.39024055004119873,0.4338260889053345,0.04358553886413574
Individual-TF-Asym,31,0.39556440711021423,0.440822571516037,0.045258164405822754
Individual-TF-Asym,32,0.3994000256061554,0.43827342987060547,0.03887340426445007
Individual-TF-Asym,33,0.39864590764045715,0.43777114152908325,0.0391252338886261
Individual-TF-Asym,34,0.3953130543231964,0.4410709738731384,0.04575791954994202
Individual-TF-Asym,35,0.3948119580745697,0.4375156760215759,0.042703717947006226
Individual-TF-Asym,36,0.3944447934627533,0.435227632522583,0.04078283905982971
Individual-TF-Asym,37,0.3935944139957428,0.4334813356399536,0.039886921644210815
Individual-TF-Asym,38,0.39199593663215637,0.42956095933914185,0.037565022706985474
Individual-TF-Asym,39,0.386039674282074,0.422250360250473,0.03621068596839905
Individual-TF-Asym,40,0.38731279969215393,0.41312724351882935,0.025814443826675415
Individual-TF-Asym,41,0.3831880986690521,0.41177403926849365,0.02858594059944153
Individual-TF-Asym,42,0.3819885849952698,0.41580381989479065,0.033815234899520874
Individual-TF-Asym,43,0.3800871968269348,0.41863352060317993,0.03854632377624512
Individual-TF-Asym,44,0.3849268853664398,0.4221113920211792,0.03718450665473938
Individual-TF-Asym,45,0.38269028067588806,0.42133215069770813,0.03864187002182007
Individual-TF-Asym,46,0.3729466497898102,0.41166073083877563,0.038714081048965454
Individual-TF-Asym,47,0.37081366777420044,0.401878297328949,0.031064629554748535
Individual-TF-Asym,48,0.3765347898006439,0.39458033442497253,0.018045544624328613
Individual-TF-Asym,49,0.38237497210502625,0.4057539403438568,0.023378968238830566
Individual-TF-Asym,50,0.3955538868904114,0.4180893301963806,0.02253544330596924
Individual-TF-Asym,51,0.4119301736354828,0.4308667778968811,0.018936604261398315
Individual-TF-Asym,52,0.416680246591568,0.43739309906959534,0.020712852478027344
Individual-TF-Asym,53,0.42092522978782654,0.4431091547012329,0.022183924913406372
Individual-TF-Asym,54,0.4284147322177887,0.45081236958503723,0.022397637367248535
Individual-TF-Asym,55,0.43325942754745483,0.45553067326545715,0.02227124571800232
Individual-TF-Asym,56,0.43573087453842163,0.45750853419303894,0.02177765965461731
Individual-TF-Asym,57,0.43975722789764404,0.4598782956600189,0.020121067762374878
Individual-TF-Asym,58,0.43127310276031494,0.46453943848609924,0.0332663357257843
Individual-TF-Asym,59,0.4376293420791626,0.4621233642101288,0.024494022130966187
Individual-TF-Asym,60,0.4349977970123291,0.4564477801322937,0.0214499831199646
Individual-TF-Asym,61,0.4344896078109741,0.456559419631958,0.022069811820983887
Individual-TF-Asym,62,0.4325408339500427,0.4506150782108307,0.018074244260787964
Individual-TF-Asym,63,0.42660441994667053,0.4466138184070587,0.020009398460388184
Individual-TF-Asym,64,0.42998385429382324,0.44193628430366516,0.011952430009841919
Individual-TF-Asym,65,0.42848241329193115,0.44136887788772583,0.012886464595794678
Individual-TF-Asym,66,0.4277636408805847,0.44738343358039856,0.019619792699813843
Individual-TF-Asym,67,0.440768301486969,0.4465157389640808,0.005747437477111816
Individual-TF-Asym,68,0.43590599298477173,0.45058128237724304,0.014675289392471313
Individual-TF-Asym,69,0.4293060302734375,0.44969528913497925,0.020389258861541748
Individual-TF-Asym,70,0.41983479261398315,0.4454940855503082,0.025659292936325073
Individual-TF-Asym,71,0.4210895895957947,0.4373440146446228,0.016254425048828125
Individual-TF-Asym,72,0.420714795589447,0.4303804934024811,0.009665697813034058
Individual-TF-Asym,73,0.43020856380462646,0.4358502924442291,0.005641728639602661
Individual-TF-Asym,74,0.42667049169540405,0.4489220082759857,0.022251516580581665
Individual-TF-Asym,75,0.4312238395214081,0.45653364062309265,0.02530980110168457
Individual-TF-Asym,76,0.43641018867492676,0.4609048366546631,0.024494647979736328
Individual-TF-Asym,77,0.4411942660808563,0.46952730417251587,0.028333038091659546
Individual-TF-Asym,78,0.44463229179382324,0.48031485080718994,0.0356825590133667
Individual-TF-Asym,79,0.447416216135025,0.48324960470199585,0.035833388566970825
Individual-TF-Asym,80,0.45095422863960266,0.48318544030189514,0.03223121166229248
Individual-TF-Asym,81,0.4543905556201935,0.48115548491477966,0.02676492929458618
Individual-TF-Asym,82,0.45438188314437866,0.48550349473953247,0.03112161159515381
Individual-TF-Asym,83,0.4576400816440582,0.48711854219436646,0.029478460550308228
Individual-TF-Asym,84,0.4524327516555786,0.4859103560447693,0.033477604389190674
Individual-TF-Asym,85,0.45626968145370483,0.48557937145233154,0.02930968999862671
Individual-TF-Asym,86,0.4550722539424896,0.48362430930137634,0.02855205535888672
Individual-TF-Asym,87,0.45272040367126465,0.4800533354282379,0.027332931756973267
Individual-TF-Asym,88,0.4509740471839905,0.47473642230033875,0.023762375116348267
Individual-TF-Asym,89,0.4491691589355469,0.4705856442451477,0.02141648530960083
Individual-TF-Asym,90,0.4490405321121216,0.47266632318496704,0.02362579107284546
Individual-TF-Asym,91,0.4466676712036133,0.4751528799533844,0.028485208749771118
Individual-TF-Asym,92,0.44473719596862793,0.4804987609386444,0.03576156497001648
Individual-TF-Asym,93,0.44502002000808716,0.4776701033115387,0.03265008330345154
Individual-TF-Asym,94,0.4404565989971161,0.4675920009613037,0.027135401964187622
Individual-TF-Asym,95,0.43867823481559753,0.4611029624938965,0.02242472767829895
Individual-TF-Asym,96,0.43572911620140076,0.45754575729370117,0.021816641092300415
Set-TF-Asym,1,0.10829197615385056,0.11953912675380707,0.011247150599956512
Set-TF-Asym,2,0.17632590234279633,0.19614814221858978,0.019822239875793457
Set-TF-Asym,3,0.23593004047870636,0.2701432704925537,0.03421323001384735
Set-TF-Asym,4,0.2819179892539978,0.3343398869037628,0.052421897649765015
Set-TF-Asym,5,0.31235048174858093,0.4032447338104248,0.09089425206184387
Set-TF-Asym,6,0.32429397106170654,0.44578903913497925,0.1214950680732727
Set-TF-Asym,7,0.3368546664714813,0.4634263217449188,0.1265716552734375
Set-TF-Asym,8,0.34340018033981323,0.47313088178634644,0.1297307014465332
Set-TF-Asym,9,0.34584885835647583,0.4664738178253174,0.12062495946884155
Set-TF-Asym,10,0.3427376449108124,0.46274927258491516,0.12001162767410278
Set-TF-Asym,11,0.35648396611213684,0.4609611928462982,0.10447722673416138
Set-TF-Asym,12,0.34754276275634766,0.46454939246177673,0.11700662970542908
Set-TF-Asym,13,0.3508741557598114,0.46455806493759155,0.11368390917778015
Set-TF-Asym,14,0.3522796928882599,0.463817834854126,0.11153814196586609
Set-TF-Asym,15,0.35845935344696045,0.46584782004356384,0.1073884665966034
Set-TF-Asym,16,0.3550506830215454,0.47528383135795593,0.12023314833641052
Set-TF-Asym,17,0.3524538278579712,0.46964386105537415,0.11719003319740295
Set-TF-Asym,18,0.3462146520614624,0.47042807936668396,0.12421342730522156
Set-TF-Asym,19,0.34071412682533264,0.4738953113555908,0.13318118453025818
Set-TF-Asym,20,0.3322613835334778,0.468097448348999,0.13583606481552124
Set-TF-Asym,21,0.3291364014148712,0.45121732354164124,0.12208092212677002
Set-TF-Asym,22,0.33150604367256165,0.4443053901195526,0.11279934644699097
Set-TF-Asym,23,0.3319018483161926,0.4331342875957489,0.10123243927955627
Set-TF-Asym,24,0.33367371559143066,0.424111545085907,0.09043782949447632
Set-TF-Asym,25,0.3414066731929779,0.4432072341442108,0.10180056095123291
Set-TF-Asym,26,0.35546693205833435,0.4577515423297882,0.10228461027145386
Set-TF-Asym,27,0.36839064955711365,0.4913555979728699,0.12296494841575623
Set-TF-Asym,28,0.3782218098640442,0.52519291639328,0.14697110652923584
Set-TF-Asym,29,0.3870416581630707,0.5595147013664246,0.17247304320335388
Set-TF-Asym,30,0.39024055004119873,0.578725278377533,0.18848472833633423
Set-TF-Asym,31,0.39556440711021423,0.5802095532417297,0.1846451461315155
Set-TF-Asym,32,0.3994000256061554,0.582768440246582,0.18336841464042664
Set-TF-Asym,33,0.39864590764045715,0.5783616304397583,0.17971572279930115
Set-TF-Asym,34,0.3953130543231964,0.5758468508720398,0.18053379654884338
Set-TF-Asym,35,0.3948119580745697,0.5726819634437561,0.1778700053691864
Set-TF-Asym,36,0.3944447934627533,0.5718098878860474,0.17736509442329407
Set-TF-Asym,37,0.3935944139957428,0.5711891055107117,0.17759469151496887
Set-TF-Asym,38,0.39199593663215637,0.5636399984359741,0.17164406180381775
Set-TF-Asym,39,0.386039674282074,0.5604252219200134,0.17438554763793945
Set-TF-Asym,40,0.38731279969215393,0.5543028116226196,0.1669900119304657
Set-TF-Asym,41,0.3831880986690521,0.5498666763305664,0.16667857766151428
Set-TF-Asym,42,0.3819885849952698,0.5627389550209045,0.18075037002563477
Set-TF-Asym,43,0.3800871968269348,0.5754652619361877,0.19537806510925293
Set-TF-Asym,44,0.3849268853664398,0.5767983198165894,0.19187143445014954
Set-TF-Asym,45,0.38269028067588806,0.5746031999588013,0.1919129192829132
Set-TF-Asym,46,0.3729466497898102,0.5787320137023926,0.2057853639125824
Set-TF-Asym,47,0.37081366777420044,0.5691778659820557,0.19836419820785522
Set-TF-Asym,48,0.3765347898006439,0.5581615567207336,0.18162676692008972
Set-TF-Asym,49,0.38237497210502625,0.5562045574188232,0.173829585313797
Set-TF-Asym,50,0.3955538868904114,0.5607554316520691,0.16520154476165771
Set-TF-Asym,51,0.4119301736354828,0.582182765007019,0.17025259137153625
Set-TF-Asym,52,0.416680246591568,0.6081543564796448,0.19147410988807678
Set-TF-Asym,53,0.42092522978782654,0.6276266574859619,0.20670142769813538
Set-TF-Asym,54,0.4284147322177887,0.6377149820327759,0.20930024981498718
Set-TF-Asym,55,0.43325942754745483,0.633772611618042,0.20051318407058716
Set-TF-Asym,56,0.43573087453842163,0.6295263767242432,0.19379550218582153
Set-TF-Asym,57,0.43975722789764404,0.631081759929657,0.19132453203201294
Set-TF-Asym,58,0.43127310276031494,0.6287070512771606,0.1974339485168457
Set-TF-Asym,59,0.4376293420791626,0.6205878853797913,0.18295854330062866
Set-TF-Asym,60,0.4349977970123291,0.6190956234931946,0.18409782648086548
Set-TF-Asym,61,0.4344896078109741,0.6206786036491394,0.18618899583816528
Set-TF-Asym,62,0.4325408339500427,0.6077965497970581,0.17525571584701538
Set-TF-Asym,63,0.42660441994667053,0.598491907119751,0.17188748717308044
Set-TF-Asym,64,0.42998385429382324,0.5962755084037781,0.16629165410995483
Set-TF-Asym,65,0.42848241329193115,0.5996973514556885,0.17121493816375732
Set-TF-Asym,66,0.4277636408805847,0.614104151725769,0.18634051084518433
Set-TF-Asym,67,0.440768301486969,0.6287378072738647,0.18796950578689575
Set-TF-Asym,68,0.43590599298477173,0.6329256892204285,0.19701969623565674
Set-TF-Asym,69,0.4293060302734375,0.6349958181381226,0.20568978786468506
Set-TF-Asym,70,0.41983479261398315,0.6257665753364563,0.20593178272247314
Set-TF-Asym,71,0.4210895895957947,0.6104289293289185,0.18933933973312378
Set-TF-Asym,72,0.420714795589447,0.5991969108581543,0.17848211526870728
Set-TF-Asym,73,0.43020856380462646,0.6041532158851624,0.1739446520805359
Set-TF-Asym,74,0.42667049169540405,0.5991142392158508,0.17244374752044678
Set-TF-Asym,75,0.4312238395214081,0.5991770625114441,0.167953222990036
Set-TF-Asym,76,0.43641018867492676,0.6092040538787842,0.17279386520385742
Set-TF-Asym,77,0.4411942660808563,0.6241510510444641,0.1829567849636078
Set-TF-Asym,78,0.44463229179382324,0.6347647309303284,0.19013243913650513
Set-TF-Asym,79,0.447416216135025,0.6269921064376831,0.17957589030265808
Set-TF-Asym,80,0.45095422863960266,0.6194343566894531,0.16848012804985046
Set-TF-Asym,81,0.4543905556201935,0.615850567817688,0.1614600121974945
Set-TF-Asym,82,0.45438188314437866,0.6094977259635925,0.15511584281921387
Set-TF-Asym,83,0.4576400816440582,0.6093560457229614,0.1517159640789032
Set-TF-Asym,84,0.4524327516555786,0.6155692934989929,0.1631365418434143
Set-TF-Asym,85,0.45626968145370483,0.6203455328941345,0.1640758514404297
Set-TF-Asym,86,0.4550722539424896,0.6137928366661072,0.15872058272361755
Set-TF-Asym,87,0.45272040367126465,0.6137830018997192,0.1610625982284546
Set-TF-Asym,88,0.4509740471839905,0.6195704340934753,0.16859638690948486
Set-TF-Asym,89,0.4491691589355469,0.6196094751358032,0.17044031620025635
Set-TF-Asym,90,0.4490405321121216,0.6296817660331726,0.18064123392105103
Set-TF-Asym,91,0.4466676712036133,0.6371898651123047,0.1905221939086914
Set-TF-Asym,92,0.44473719596862793,0.6368573904037476,0.19212019443511963
Set-TF-Asym,93,0.44502002000808716,0.6292977333068848,0.1842777132987976
Set-TF-Asym,94,0.4404565989971161,0.6132473945617676,0.1727907955646515
Set-TF-Asym,95,0.43867823481559753,0.5960171818733215,0.157338947057724
Set-TF-Asym,96,0.43572911620140076,0.5716232657432556,0.13589414954185486
Individual-OP-Asym,1,0.10829197615385056,0.1048743948340416,-0.00341758131980896
Individual-OP-Asym,2,0.17632590234279633,0.17257656157016754,-0.003749340772628784
Individual-OP-Asym,3,0.23593004047870636,0.2401132732629776,0.00418323278427124
Individual-OP-Asym,4,0.2819179892539978,0.29255881905555725,0.010640829801559448
Individual-OP-Asym,5,0.31235048174858093,0.3361581861972809,0.02380770444869995
Individual-OP-Asym,6,0.32429397106170654,0.3671729266643524,0.042878955602645874
Individual-OP-Asym,7,0.3368546664714813,0.3894396126270294,0.052584946155548096
Individual-OP-Asym,8,0.34340018033981323,0.40404653549194336,0.06064635515213013
Individual-OP-Asym,9,0.34584885835647583,0.4122485816478729,0.0663997232913971
Individual-OP-Asym,10,0.3427376449108124,0.41571685671806335,0.07297921180725098
Individual-OP-Asym,11,0.35648396611213684,0.41488325595855713,0.05839928984642029
Individual-OP-Asym,12,0.34754276275634766,0.4138720631599426,0.06632930040359497
Individual-OP-Asym,13,0.3508741557598114,0.40584662556648254,0.05497246980667114
Individual-OP-Asym,14,0.3522796928882599,0.40150558948516846,0.04922589659690857
Individual-OP-Asym,15,0.35845935344696045,0.39898523688316345,0.040525883436203
Individual-OP-Asym,16,0.3550506830215454,0.40197286009788513,0.04692217707633972
Individual-OP-Asym,17,0.3524538278579712,0.4037204682826996,0.051266640424728394
Individual-OP-Asym,18,0.3462146520614624,0.4028139114379883,0.05659925937652588
Individual-OP-Asym,19,0.34071412682533264,0.39486172795295715,0.05414760112762451
Individual-OP-Asym,20,0.3322613835334778,0.3911007046699524,0.05883932113647461
Individual-OP-Asym,21,0.3291364014148712,0.38074740767478943,0.05161100625991821
Individual-OP-Asym,22,0.33150604367256165,0.3632102906703949,0.03170424699783325
Individual-OP-Asym,23,0.3319018483161926,0.3431273400783539,0.011225491762161255
Individual-OP-Asym,24,0.33367371559143066,0.3348385989665985,0.0011648833751678467
Individual-OP-Asym,25,0.3414066731929779,0.34801068902015686,0.006604015827178955
Individual-OP-Asym,26,0.35546693205833435,0.3685494661331177,0.013082534074783325
Individual-OP-Asym,27,0.36839064955711365,0.3954133987426758,0.027022749185562134
Individual-OP-Asym,28,0.3782218098640442,0.413996160030365,0.0357743501663208
Individual-OP-Asym,29,0.3870416581630707,0.4309713840484619,0.043929725885391235
Individual-OP-Asym,30,0.39024055004119873,0.43922120332717896,0.048980653285980225
Individual-OP-Asym,31,0.39556440711021423,0.44472840428352356,0.049163997173309326
Individual-OP-Asym,32,0.3994000256061554,0.44981491565704346,0.05041489005088806
Individual-OP-Asym,33,0.39864590764045715,0.4539835453033447,0.05533763766288757
Individual-OP-Asym,34,0.3953130543231964,0.45438674092292786,0.059073686599731445
Individual-OP-Asym,35,0.3948119580745697,0.4546516239643097,0.05983966588973999
Individual-OP-Asym,36,0.3944447934627533,0.4503251612186432,0.05588036775588989
Individual-OP-Asym,37,0.3935944139957428,0.44446250796318054,0.050868093967437744
Individual-OP-Asym,38,0.39199593663215637,0.43987369537353516,0.047877758741378784
Individual-OP-Asym,39,0.386039674282074,0.4360237717628479,0.049984097480773926
Individual-OP-Asym,40,0.38731279969215393,0.4366454780101776,0.04933267831802368
Individual-OP-Asym,41,0.3831880986690521,0.4376874566078186,0.05449935793876648
Individual-OP-Asym,42,0.3819885849952698,0.4348992109298706,0.05291062593460083
Individual-OP-Asym,43,0.3800871968269348,0.42986446619033813,0.04977726936340332
Individual-OP-Asym,44,0.3849268853664398,0.4293486773967743,0.04442179203033447
Individual-OP-Asym,45,0.38269028067588806,0.4274047613143921,0.04471448063850403
Individual-OP-Asym,46,0.3729466497898102,0.42018622159957886,0.04723957180976868
Individual-OP-Asym,47,0.37081366777420044,0.40496981143951416,0.03415614366531372
Individual-OP-Asym,48,0.3765347898006439,0.39486169815063477,0.018326908349990845
Individual-OP-Asym,49,0.38237497210502625,0.4055328369140625,0.023157864809036255
Individual-OP-Asym,50,0.3955538868904114,0.41703665256500244,0.021482765674591064
Individual-OP-Asym,51,0.4119301736354828,0.43371501564979553,0.021784842014312744
Individual-OP-Asym,52,0.416680246591568,0.44370201230049133,0.02702176570892334
Individual-OP-Asym,53,0.42092522978782654,0.4597422182559967,0.038816988468170166
Individual-OP-Asym,54,0.4284147322177887,0.4635891318321228,0.035174399614334106
Individual-OP-Asym,55,0.43325942754745483,0.46276041865348816,0.029500991106033325
Individual-OP-Asym,56,0.43573087453842163,0.46691974997520447,0.031188875436782837
Individual-OP-Asym,57,0.43975722789764404,0.4708857238292694,0.031128495931625366
Individual-OP-Asym,58,0.43127310276031494,0.47078272700309753,0.03950962424278259
Individual-OP-Asym,59,0.4376293420791626,0.46898382902145386,0.03135448694229126
Individual-OP-Asym,60,0.4349977970123291,0.46859756112098694,0.03359976410865784
Individual-OP-Asym,61,0.4344896078109741,0.461241215467453,0.026751607656478882
Individual-OP-Asym,62,0.4325408339500427,0.46194201707839966,0.029401183128356934
Individual-OP-Asym,63,0.42660441994667053,0.45854490995407104,0.03194049000740051
Individual-OP-Asym,64,0.42998385429382324,0.4618889093399048,0.03190505504608154
Individual-OP-Asym,65,0.42848241329193115,0.4616987705230713,0.03321635723114014
Individual-OP-Asym,66,0.4277636408805847,0.4617822766304016,0.034018635749816895
Individual-OP-Asym,67,0.440768301486969,0.4590712785720825,0.018302977085113525
Individual-OP-Asym,68,0.43590599298477173,0.45788437128067017,0.021978378295898438
Individual-OP-Asym,69,0.4293060302734375,0.4590983986854553,0.029792368412017822
Individual-OP-Asym,70,0.41983479261398315,0.45500174164772034,0.03516694903373718
Individual-OP-Asym,71,0.4210895895957947,0.44083768129348755,0.01974809169769287
Individual-OP-Asym,72,0.420714795589447,0.4324885606765747,0.011773765087127686
Individual-OP-Asym,73,0.43020856380462646,0.4386262893676758,0.008417725563049316
Individual-OP-Asym,74,0.42667049169540405,0.4499785006046295,0.023308008909225464
Individual-OP-Asym,75,0.4312238395214081,0.4620181918144226,0.030794352293014526
Individual-OP-Asym,76,0.43641018867492676,0.4680720865726471,0.03166189789772034
Individual-OP-Asym,77,0.4411942660808563,0.47882235050201416,0.03762808442115784
Individual-OP-Asym,78,0.44463229179382324,0.48650434613227844,0.0418720543384552
Individual-OP-Asym,79,0.447416216135025,0.4916651248931885,0.04424890875816345
Individual-OP-Asym,80,0.45095422863960266,0.4949726164340973,0.04401838779449463
Individual-OP-Asym,81,0.4543905556201935,0.49627071619033813,0.04188016057014465
Individual-OP-Asym,82,0.45438188314437866,0.49281126260757446,0.0384293794631958
Individual-OP-Asym,83,0.4576400816440582,0.4938034415245056,0.03616335988044739
Individual-OP-Asym,84,0.4524327516555786,0.4936690628528595,0.041236311197280884
Individual-OP-Asym,85,0.45626968145370483,0.48623284697532654,0.029963165521621704
Individual-OP-Asym,86,0.4550722539424896,0.4870288670063019,0.031956613063812256
Individual-OP-Asym,87,0.45272040367126465,0.4831084609031677,0.030388057231903076
Individual-OP-Asym,88,0.4509740471839905,0.48571082949638367,0.03473678231239319
Individual-OP-Asym,89,0.4491691589355469,0.4881007671356201,0.03893160820007324
Individual-OP-Asym,90,0.4490405321121216,0.49052125215530396,0.04148072004318237
Individual-OP-Asym,91,0.4466676712036133,0.48593148589134216,0.03926381468772888
Individual-OP-Asym,92,0.44473719596862793,0.48855340480804443,0.043816208839416504
Individual-OP-Asym,93,0.44502002000808716,0.4885466992855072,0.043526679277420044
Individual-OP-Asym,94,0.4404565989971161,0.4763258993625641,0.035869300365448
Individual-OP-Asym,95,0.43867823481559753,0.4658045768737793,0.027126342058181763
Individual-OP-Asym,96,0.43572911620140076,0.4541781544685364,0.01844903826713562
Set-OP-Asym,1,0.10829197615385056,0.11873766779899597,0.010445691645145416
Set-OP-Asym,2,0.17632590234279633,0.19956496357917786,0.02323906123638153
Set-OP-Asym,3,0.23593004047870636,0.2658160924911499,0.029886052012443542
Set-OP-Asym,4,0.2819179892539978,0.3246130049228668,0.04269501566886902
Set-OP-Asym,5,0.31235048174858093,0.37473592162132263,0.0623854398727417
Set-OP-Asym,6,0.32429397106170654,0.4116804599761963,0.08738648891448975
Set-OP-Asym,7,0.3368546664714813,0.4292280375957489,0.09237337112426758
Set-OP-Asym,8,0.34340018033981323,0.43571263551712036,0.09231245517730713
Set-OP-Asym,9,0.34584885835647583,0.440996378660202,0.0951475203037262
Set-OP-Asym,10,0.3427376449108124,0.4403502941131592,0.0976126492023468
Set-OP-Asym,11,0.35648396611213684,0.43709635734558105,0.08061239123344421
Set-OP-Asym,12,0.34754276275634766,0.443453311920166,0.09591054916381836
Set-OP-Asym,13,0.3508741557598114,0.44532105326652527,0.09444689750671387
Set-OP-Asym,14,0.3522796928882599,0.444987952709198,0.09270825982093811
Set-OP-Asym,15,0.35845935344696045,0.4432253837585449,0.08476603031158447
Set-OP-Asym,16,0.3550506830215454,0.4436396062374115,0.08858892321586609
Set-OP-Asym,17,0.3524538278579712,0.45244649052619934,0.09999266266822815
Set-OP-Asym,18,0.3462146520614624,0.44841235876083374,0.10219770669937134
Set-OP-Asym,19,0.34071412682533264,0.4432412087917328,0.10252708196640015
Set-OP-Asym,20,0.3322613835334778,0.4374985992908478,0.10523721575737
Set-OP-Asym,21,0.3291364014148712,0.4180227816104889,0.08888638019561768
Set-OP-Asym,22,0.33150604367256165,0.38820940256118774,0.0567033588886261
Set-OP-Asym,23,0.3319018483161926,0.3644466996192932,0.032544851303100586
Set-OP-Asym,24,0.33367371559143066,0.3552170693874359,0.02154335379600525
Set-OP-Asym,25,0.3414066731929779,0.3746766149997711,0.03326994180679321
Set-OP-Asym,26,0.35546693205833435,0.4052583873271942,0.04979145526885986
Set-OP-Asym,27,0.36839064955711365,0.4328994154930115,0.06450876593589783
Set-OP-Asym,28,0.3782218098640442,0.46092137694358826,0.08269956707954407
Set-OP-Asym,29,0.3870416581630707,0.487265408039093,0.10022374987602234
Set-OP-Asym,30,0.39024055004119873,0.5070620775222778,0.1168215274810791
Set-OP-Asym,31,0.39556440711021423,0.5134223699569702,0.11785796284675598
Set-OP-Asym,32,0.3994000256061554,0.5141249895095825,0.11472496390342712
Set-OP-Asym,33,0.39864590764045715,0.5177133083343506,0.11906740069389343
Set-OP-Asym,34,0.3953130543231964,0.519032895565033,0.12371984124183655
Set-OP-Asym,35,0.3948119580745697,0.5184115767478943,0.12359961867332458
Set-OP-Asym,36,0.3944447934627533,0.5172800421714783,0.12283524870872498
Set-OP-Asym,37,0.3935944139957428,0.5191131830215454,0.1255187690258026
Set-OP-Asym,38,0.39199593663215637,0.5174068808555603,0.12541094422340393
Set-OP-Asym,39,0.386039674282074,0.5046638250350952,0.11862415075302124
Set-OP-Asym,40,0.38731279969215393,0.4928310513496399,0.10551825165748596
Set-OP-Asym,41,0.3831880986690521,0.4928571283817291,0.109669029712677
Set-OP-Asym,42,0.3819885849952698,0.4937264621257782,0.11173787713050842
Set-OP-Asym,43,0.3800871968269348,0.48922520875930786,0.10913801193237305
Set-OP-Asym,44,0.3849268853664398,0.48366448283195496,0.09873759746551514
Set-OP-Asym,45,0.38269028067588806,0.4690856337547302,0.08639535307884216
Set-OP-Asym,46,0.3729466497898102,0.4492194950580597,0.07627284526824951
Set-OP-Asym,47,0.37081366777420044,0.435141384601593,0.06432771682739258
Set-OP-Asym,48,0.3765347898006439,0.4249397814273834,0.0484049916267395
Set-OP-Asym,49,0.38237497210502625,0.4396638572216034,0.05728888511657715
Set-OP-Asym,50,0.3955538868904114,0.45950064063072205,0.06394675374031067
Set-OP-Asym,51,0.4119301736354828,0.47805076837539673,0.06612059473991394
Set-OP-Asym,52,0.416680246591568,0.4968956410884857,0.08021539449691772
Set-OP-Asym,53,0.42092522978782654,0.5178995728492737,0.09697434306144714
Set-OP-Asym,54,0.4284147322177887,0.5333195924758911,0.10490486025810242
Set-OP-Asym,55,0.43325942754745483,0.5350412130355835,0.10178178548812866
Set-OP-Asym,56,0.43573087453842163,0.5377469062805176,0.10201603174209595
Set-OP-Asym,57,0.43975722789764404,0.5443398952484131,0.10458266735076904
Set-OP-Asym,58,0.43127310276031494,0.5463316440582275,0.1150585412979126
Set-OP-Asym,59,0.4376293420791626,0.544152557849884,0.10652321577072144
Set-OP-Asym,60,0.4349977970123291,0.5392401814460754,0.10424238443374634
Set-OP-Asym,61,0.4344896078109741,0.5332698225975037,0.09878021478652954
Set-OP-Asym,62,0.4325408339500427,0.5315909385681152,0.09905010461807251
Set-OP-Asym,63,0.42660441994667053,0.524764895439148,0.09816047549247742
Set-OP-Asym,64,0.42998385429382324,0.5196977257728577,0.08971387147903442
Set-OP-Asym,65,0.42848241329193115,0.5216891765594482,0.09320676326751709
Set-OP-Asym,66,0.4277636408805847,0.5210993885993958,0.09333574771881104
Set-OP-Asym,67,0.440768301486969,0.5115716457366943,0.07080334424972534
Set-OP-Asym,68,0.43590599298477173,0.507792055606842,0.07188606262207031
Set-OP-Asym,69,0.4293060302734375,0.4939216077327728,0.06461557745933533
Set-OP-Asym,70,0.41983479261398315,0.4772772789001465,0.05744248628616333
Set-OP-Asym,71,0.4210895895957947,0.46517422795295715,0.044084638357162476
Set-OP-Asym,72,0.420714795589447,0.45215511322021484,0.03144031763076782
Set-OP-Asym,73,0.43020856380462646,0.469613641500473,0.03940507769584656
Set-OP-Asym,74,0.42667049169540405,0.49101147055625916,0.0643409788608551
Set-OP-Asym,75,0.4312238395214081,0.510626494884491,0.07940265536308289
Set-OP-Asym,76,0.43641018867492676,0.528695821762085,0.0922856330871582
Set-OP-Asym,77,0.4411942660808563,0.5490697026252747,0.10787543654441833
Set-OP-Asym,78,0.44463229179382324,0.5600944757461548,0.11546218395233154
Set-OP-Asym,79,0.447416216135025,0.5620076656341553,0.11459144949913025
Set-OP-Asym,80,0.45095422863960266,0.5643050074577332,0.1133507788181305
Set-OP-Asym,81,0.4543905556201935,0.5691860318183899,0.11479547619819641
Set-OP-Asym,82,0.45438188314437866,0.564719557762146,0.11033767461776733
Set-OP-Asym,83,0.4576400816440582,0.5627673864364624,0.10512730479240417
Set-OP-Asym,84,0.4524327516555786,0.5634264945983887,0.11099374294281006
Set-OP-Asym,85,0.45626968145370483,0.5674912929534912,0.11122161149978638
Set-OP-Asym,86,0.4550722539424896,0.5651228427886963,0.11005058884620667
Set-OP-Asym,87,0.45272040367126465,0.5571678280830383,0.10444742441177368
Set-OP-Asym,88,0.4509740471839905,0.5533795356750488,0.10240548849105835
Set-OP-Asym,89,0.4491691589355469,0.5562750101089478,0.10710585117340088
Set-OP-Asym,90,0.4490405321121216,0.5605369806289673,0.1114964485168457
Set-OP-Asym,91,0.4466676712036133,0.5599530339241028,0.1132853627204895
Set-OP-Asym,92,0.44473719596862793,0.5561912655830383,0.1114540696144104
Set-OP-Asym,93,0.44502002000808716,0.5406967401504517,0.0956767201423645
Set-OP-Asym,94,0.4404565989971161,0.5205498337745667,0.08009323477745056
Set-OP-Asym,95,0.43867823481559753,0.5042001008987427,0.06552186608314514
Set-OP-Asym,96,0.43572911620140076,0.49446186423301697,0.05873274803161621
KL+Asym[s2ls],1,0.10829197615385056,0.10613828897476196,-0.0021536871790885925
KL+Asym[s2ls],2,0.17632590234279633,0.1767355352640152,0.00040963292121887207
KL+Asym[s2ls],3,0.23593004047870636,0.23482491075992584,-0.0011051297187805176
KL+Asym[s2ls],4,0.2819179892539978,0.2788945436477661,-0.0030234456062316895
KL+Asym[s2ls],5,0.31235048174858093,0.31561461091041565,0.003264129161834717
KL+Asym[s2ls],6,0.32429397106170654,0.3403201103210449,0.01602613925933838
KL+Asym[s2ls],7,0.3368546664714813,0.3499458432197571,0.013091176748275757
KL+Asym[s2ls],8,0.34340018033981323,0.3579782545566559,0.014578074216842651
KL+Asym[s2ls],9,0.34584885835647583,0.36282894015312195,0.016980081796646118
KL+Asym[s2ls],10,0.3427376449108124,0.3665081858634949,0.023770540952682495
KL+Asym[s2ls],11,0.35648396611213684,0.37235039472579956,0.01586642861366272
KL+Asym[s2ls],12,0.34754276275634766,0.36889439821243286,0.021351635456085205
KL+Asym[s2ls],13,0.3508741557598114,0.36634254455566406,0.015468388795852661
KL+Asym[s2ls],14,0.3522796928882599,0.3658333420753479,0.013553649187088013
KL+Asym[s2ls],15,0.35845935344696045,0.35841894149780273,-4.0411949157714844e-05
KL+Asym[s2ls],16,0.3550506830215454,0.35635870695114136,0.0013080239295959473
KL+Asym[s2ls],17,0.3524538278579712,0.3569015860557556,0.004447758197784424
KL+Asym[s2ls],18,0.3462146520614624,0.36140522360801697,0.015190571546554565
KL+Asym[s2ls],19,0.34071412682533264,0.36277833580970764,0.022064208984375
KL+Asym[s2ls],20,0.3322613835334778,0.3660126030445099,0.033751219511032104
KL+Asym[s2ls],21,0.3291364014148712,0.3630286455154419,0.03389224410057068
KL+Asym[s2ls],22,0.33150604367256165,0.35482075810432434,0.023314714431762695
KL+Asym[s2ls],23,0.3319018483161926,0.33906036615371704,0.007158517837524414
KL+Asym[s2ls],24,0.33367371559143066,0.3298676609992981,-0.0038060545921325684
KL+Asym[s2ls],25,0.3414066731929779,0.34235283732414246,0.0009461641311645508
KL+Asym[s2ls],26,0.35546693205833435,0.3607604205608368,0.005293488502502441
KL+Asym[s2ls],27,0.36839064955711365,0.3801839053630829,0.011793255805969238
KL+Asym[s2ls],28,0.3782218098640442,0.39392054080963135,0.015698730945587158
KL+Asym[s2ls],29,0.3870416581630707,0.40013816952705383,0.013096511363983154
KL+Asym[s2ls],30,0.39024055004119873,0.4072250723838806,0.016984522342681885
KL+Asym[s2ls],31,0.39556440711021423,0.4099001884460449,0.014335781335830688
KL+Asym[s2ls],32,0.3994000256061554,0.4103338420391083,0.01093381643295288
KL+Asym[s2ls],33,0.39864590764045715,0.4155789315700531,0.016933023929595947
KL+Asym[s2ls],34,0.3953130543231964,0.4194445312023163,0.024131476879119873
KL+Asym[s2ls],35,0.3948119580745697,0.42204686999320984,0.027234911918640137
KL+Asym[s2ls],36,0.3944447934627533,0.42137378454208374,0.026928991079330444
KL+Asym[s2ls],37,0.3935944139957428,0.4153915047645569,0.021797090768814087
KL+Asym[s2ls],38,0.39199593663215637,0.4130210280418396,0.021025091409683228
KL+Asym[s2ls],39,0.386039674282074,0.4083711504936218,0.02233147621154785
KL+Asym[s2ls],40,0.38731279969215393,0.4039978086948395,0.016685009002685547
KL+Asym[s2ls],41,0.3831880986690521,0.40483859181404114,0.021650493144989014
KL+Asym[s2ls],42,0.3819885849952698,0.40988290309906006,0.027894318103790283
KL+Asym[s2ls],43,0.3800871968269348,0.40756362676620483,0.02747642993927002
KL+Asym[s2ls],44,0.3849268853664398,0.4111349880695343,0.026208102703094482
KL+Asym[s2ls],45,0.38269028067588806,0.4108649790287018,0.02817469835281372
KL+Asym[s2ls],46,0.3729466497898102,0.40793824195861816,0.03499159216880798
KL+Asym[s2ls],47,0.37081366777420044,0.400147944688797,0.029334276914596558
KL+Asym[s2ls],48,0.3765347898006439,0.3932584524154663,0.016723662614822388
KL+Asym[s2ls],49,0.38237497210502625,0.4008418619632721,0.01846688985824585
KL+Asym[s2ls],50,0.3955538868904114,0.41117632389068604,0.015622437000274658
KL+Asym[s2ls],51,0.4119301736354828,0.4212786555290222,0.009348481893539429
KL+Asym[s2ls],52,0.416680246591568,0.4287530183792114,0.012072771787643433
KL+Asym[s2ls],53,0.42092522978782654,0.433811753988266,0.012886524200439453
KL+Asym[s2ls],54,0.4284147322177887,0.43883171677589417,0.010416984558105469
KL+Asym[s2ls],55,0.43325942754745483,0.43896767497062683,0.005708247423171997
KL+Asym[s2ls],56,0.43573087453842163,0.44290977716445923,0.007178902626037598
KL+Asym[s2ls],57,0.43975722789764404,0.44867223501205444,0.0089150071144104
KL+Asym[s2ls],58,0.43127310276031494,0.44994664192199707,0.01867353916168213
KL+Asym[s2ls],59,0.4376293420791626,0.44651347398757935,0.008884131908416748
KL+Asym[s2ls],60,0.4349977970123291,0.4403872489929199,0.00538945198059082
KL+Asym[s2ls],61,0.4344896078109741,0.4362580478191376,0.0017684400081634521
KL+Asym[s2ls],62,0.4325408339500427,0.4347188472747803,0.002178013324737549
KL+Asym[s2ls],63,0.42660441994667053,0.4311484098434448,0.004543989896774292
KL+Asym[s2ls],64,0.42998385429382324,0.42667660117149353,-0.003307253122329712
KL+Asym[s2ls],65,0.42848241329193115,0.42999157309532166,0.001509159803390503
KL+Asym[s2ls],66,0.4277636408805847,0.4320339560508728,0.004270315170288086
KL+Asym[s2ls],67,0.440768301486969,0.4320213198661804,-0.008746981620788574
KL+Asym[s2ls],68,0.43590599298477173,0.4389270842075348,0.0030210912227630615
KL+Asym[s2ls],69,0.4293060302734375,0.442952960729599,0.013646930456161499
KL+Asym[s2ls],70,0.41983479261398315,0.44038906693458557,0.020554274320602417
KL+Asym[s2ls],71,0.4210895895957947,0.43134766817092896,0.010258078575134277
KL+Asym[s2ls],72,0.420714795589447,0.4283663332462311,0.007651537656784058
KL+Asym[s2ls],73,0.43020856380462646,0.4377295672893524,0.007521003484725952
KL+Asym[s2ls],74,0.42667049169540405,0.44374629855155945,0.017075806856155396
KL+Asym[s2ls],75,0.4312238395214081,0.44957199692726135,0.01834815740585327
KL+Asym[s2ls],76,0.43641018867492676,0.45438042283058167,0.017970234155654907
KL+Asym[s2ls],77,0.4411942660808563,0.45836275815963745,0.017168492078781128
KL+Asym[s2ls],78,0.44463229179382324,0.4594214856624603,0.014789193868637085
KL+Asym[s2ls],79,0.447416216135025,0.45800501108169556,0.010588794946670532
KL+Asym[s2ls],80,0.45095422863960266,0.4569225609302521,0.005968332290649414
KL+Asym[s2ls],81,0.4543905556201935,0.4605073034763336,0.006116747856140137
KL+Asym[s2ls],82,0.45438188314437866,0.461467444896698,0.007085561752319336
KL+Asym[s2ls],83,0.4576400816440582,0.4631236493587494,0.005483567714691162
KL+Asym[s2ls],84,0.4524327516555786,0.4636085629463196,0.011175811290740967
KL+Asym[s2ls],85,0.45626968145370483,0.46135270595550537,0.005083024501800537
KL+Asym[s2ls],86,0.4550722539424896,0.4619695544242859,0.006897300481796265
KL+Asym[s2ls],87,0.45272040367126465,0.46092116832733154,0.008200764656066895
KL+Asym[s2ls],88,0.4509740471839905,0.4604605734348297,0.009486526250839233
KL+Asym[s2ls],89,0.4491691589355469,0.4615567624568939,0.012387603521347046
KL+Asym[s2ls],90,0.4490405321121216,0.4661772847175598,0.017136752605438232
KL+Asym[s2ls],91,0.4466676712036133,0.46751517057418823,0.02084749937057495
KL+Asym[s2ls],92,0.44473719596862793,0.47824952006340027,0.03351232409477234
KL+Asym[s2ls],93,0.44502002000808716,0.4799114763736725,0.03489145636558533
KL+Asym[s2ls],94,0.4404565989971161,0.4748344421386719,0.034377843141555786
KL+Asym[s2ls],95,0.43867823481559753,0.46965712308883667,0.030978888273239136
KL+Asym[s2ls],96,0.43572911620140076,0.46523338556289673,0.02950426936149597
KL+Asym[e2],1,0.10829197615385056,0.10613828897476196,-0.0021536871790885925
KL+Asym[e2],2,0.17632590234279633,0.1767355352640152,0.00040963292121887207
KL+Asym[e2],3,0.23593004047870636,0.23482491075992584,-0.0011051297187805176
KL+Asym[e2],4,0.2819179892539978,0.2788945436477661,-0.0030234456062316895
KL+Asym[e2],5,0.31235048174858093,0.31561461091041565,0.003264129161834717
KL+Asym[e2],6,0.32429397106170654,0.3403201103210449,0.01602613925933838
KL+Asym[e2],7,0.3368546664714813,0.3499458432197571,0.013091176748275757
KL+Asym[e2],8,0.34340018033981323,0.3579782545566559,0.014578074216842651
KL+Asym[e2],9,0.34584885835647583,0.36282894015312195,0.016980081796646118
KL+Asym[e2],10,0.3427376449108124,0.3665081858634949,0.023770540952682495
KL+Asym[e2],11,0.35648396611213684,0.37235039472579956,0.01586642861366272
KL+Asym[e2],12,0.34754276275634766,0.36889439821243286,0.021351635456085205
KL+Asym[e2],13,0.3508741557598114,0.36634254455566406,0.015468388795852661
KL+Asym[e2],14,0.3522796928882599,0.3658333420753479,0.013553649187088013
KL+Asym[e2],15,0.35845935344696045,0.35841894149780273,-4.0411949157714844e-05
KL+Asym[e2],16,0.3550506830215454,0.35635870695114136,0.0013080239295959473
KL+Asym[e2],17,0.3524538278579712,0.3569015860557556,0.004447758197784424
KL+Asym[e2],18,0.3462146520614624,0.36140522360801697,0.015190571546554565
KL+Asym[e2],19,0.34071412682533264,0.36277833580970764,0.022064208984375
KL+Asym[e2],20,0.3322613835334778,0.3660126030445099,0.033751219511032104
KL+Asym[e2],21,0.3291364014148712,0.3630286455154419,0.03389224410057068
KL+Asym[e2],22,0.33150604367256165,0.35482075810432434,0.023314714431762695
KL+Asym[e2],23,0.3319018483161926,0.33906036615371704,0.007158517837524414
KL+Asym[e2],24,0.33367371559143066,0.3298676609992981,-0.0038060545921325684
KL+Asym[e2],25,0.3414066731929779,0.34235283732414246,0.0009461641311645508
KL+Asym[e2],26,0.35546693205833435,0.3607604205608368,0.005293488502502441
KL+Asym[e2],27,0.36839064955711365,0.3801839053630829,0.011793255805969238
KL+Asym[e2],28,0.3782218098640442,0.39392054080963135,0.015698730945587158
KL+Asym[e2],29,0.3870416581630707,0.40013816952705383,0.013096511363983154
KL+Asym[e2],30,0.39024055004119873,0.4072250723838806,0.016984522342681885
KL+Asym[e2],31,0.39556440711021423,0.4099001884460449,0.014335781335830688
KL+Asym[e2],32,0.3994000256061554,0.4103338420391083,0.01093381643295288
KL+Asym[e2],33,0.39864590764045715,0.4155789315700531,0.016933023929595947
KL+Asym[e2],34,0.3953130543231964,0.4194445312023163,0.024131476879119873
KL+Asym[e2],35,0.3948119580745697,0.42204686999320984,0.027234911918640137
KL+Asym[e2],36,0.3944447934627533,0.42137378454208374,0.026928991079330444
KL+Asym[e2],37,0.3935944139957428,0.4153915047645569,0.021797090768814087
KL+Asym[e2],38,0.39199593663215637,0.4130210280418396,0.021025091409683228
KL+Asym[e2],39,0.386039674282074,0.4083711504936218,0.02233147621154785
KL+Asym[e2],40,0.38731279969215393,0.4039978086948395,0.016685009002685547
KL+Asym[e2],41,0.3831880986690521,0.40483859181404114,0.021650493144989014
KL+Asym[e2],42,0.3819885849952698,0.40988290309906006,0.027894318103790283
KL+Asym[e2],43,0.3800871968269348,0.40756362676620483,0.02747642993927002
KL+Asym[e2],44,0.3849268853664398,0.4111349880695343,0.026208102703094482
KL+Asym[e2],45,0.38269028067588806,0.4108649790287018,0.02817469835281372
KL+Asym[e2],46,0.3729466497898102,0.40793824195861816,0.03499159216880798
KL+Asym[e2],47,0.37081366777420044,0.400147944688797,0.029334276914596558
KL+Asym[e2],48,0.3765347898006439,0.3932584524154663,0.016723662614822388
KL+Asym[e2],49,0.38237497210502625,0.4008418619632721,0.01846688985824585
KL+Asym[e2],50,0.3955538868904114,0.41117632389068604,0.015622437000274658
KL+Asym[e2],51,0.4119301736354828,0.4212786555290222,0.009348481893539429
KL+Asym[e2],52,0.416680246591568,0.4287530183792114,0.012072771787643433
KL+Asym[e2],53,0.42092522978782654,0.433811753988266,0.012886524200439453
KL+Asym[e2],54,0.4284147322177887,0.43883171677589417,0.010416984558105469
KL+Asym[e2],55,0.43325942754745483,0.43896767497062683,0.005708247423171997
KL+Asym[e2],56,0.43573087453842163,0.44290977716445923,0.007178902626037598
KL+Asym[e2],57,0.43975722789764404,0.44867223501205444,0.0089150071144104
KL+Asym[e2],58,0.43127310276031494,0.44994664192199707,0.01867353916168213
KL+Asym[e2],59,0.4376293420791626,0.44651347398757935,0.008884131908416748
KL+Asym[e2],60,0.4349977970123291,0.4403872489929199,0.00538945198059082
KL+Asym[e2],61,0.4344896078109741,0.4362580478191376,0.0017684400081634521
KL+Asym[e2],62,0.4325408339500427,0.4347188472747803,0.002178013324737549
KL+Asym[e2],63,0.42660441994667053,0.4311484098434448,0.004543989896774292
KL+Asym[e2],64,0.42998385429382324,0.42667660117149353,-0.003307253122329712
KL+Asym[e2],65,0.42848241329193115,0.42999157309532166,0.001509159803390503
KL+Asym[e2],66,0.4277636408805847,0.4320339560508728,0.004270315170288086
KL+Asym[e2],67,0.440768301486969,0.4320213198661804,-0.008746981620788574
KL+Asym[e2],68,0.43590599298477173,0.4389270842075348,0.0030210912227630615
KL+Asym[e2],69,0.4293060302734375,0.442952960729599,0.013646930456161499
KL+Asym[e2],70,0.41983479261398315,0.44038906693458557,0.020554274320602417
KL+Asym[e2],71,0.4210895895957947,0.43134766817092896,0.010258078575134277
KL+Asym[e2],72,0.420714795589447,0.4283663332462311,0.007651537656784058
KL+Asym[e2],73,0.43020856380462646,0.4377295672893524,0.007521003484725952
KL+Asym[e2],74,0.42667049169540405,0.44374629855155945,0.017075806856155396
KL+Asym[e2],75,0.4312238395214081,0.44957199692726135,0.01834815740585327
KL+Asym[e2],76,0.43641018867492676,0.45438042283058167,0.017970234155654907
KL+Asym[e2],77,0.4411942660808563,0.45836275815963745,0.017168492078781128
KL+Asym[e2],78,0.44463229179382324,0.4594214856624603,0.014789193868637085
KL+Asym[e2],79,0.447416216135025,0.45800501108169556,0.010588794946670532
KL+Asym[e2],80,0.45095422863960266,0.4569225609302521,0.005968332290649414
KL+Asym[e2],81,0.4543905556201935,0.4605073034763336,0.006116747856140137
KL+Asym[e2],82,0.45438188314437866,0.461467444896698,0.007085561752319336
KL+Asym[e2],83,0.4576400816440582,0.4631236493587494,0.005483567714691162
KL+Asym[e2],84,0.4524327516555786,0.4636085629463196,0.011175811290740967
KL+Asym[e2],85,0.45626968145370483,0.46135270595550537,0.005083024501800537
KL+Asym[e2],86,0.4550722539424896,0.4619695544242859,0.006897300481796265
KL+Asym[e2],87,0.45272040367126465,0.46092116832733154,0.008200764656066895
KL+Asym[e2],88,0.4509740471839905,0.4604605734348297,0.009486526250839233
KL+Asym[e2],89,0.4491691589355469,0.4615567624568939,0.012387603521347046
KL+Asym[e2],90,0.4490405321121216,0.4661772847175598,0.017136752605438232
KL+Asym[e2],91,0.4466676712036133,0.46751517057418823,0.02084749937057495
KL+Asym[e2],92,0.44473719596862793,0.47824952006340027,0.03351232409477234
KL+Asym[e2],93,0.44502002000808716,0.4799114763736725,0.03489145636558533
KL+Asym[e2],94,0.4404565989971161,0.4748344421386719,0.034377843141555786
KL+Asym[e2],95,0.43867823481559753,0.46965712308883667,0.030978888273239136
KL+Asym[e2],96,0.43572911620140076,0.46523338556289673,0.02950426936149597
Oracle-Individual,1,0.10829197615385056,0.08419980108737946,-0.0240921750664711
Oracle-Individual,2,0.17632590234279633,0.11849860846996307,-0.05782729387283325
Oracle-Individual,3,0.23593004047870636,0.1363178938627243,-0.09961214661598206
Oracle-Individual,4,0.2819179892539978,0.14406737685203552,-0.13785061240196228
Oracle-Individual,5,0.31235048174858093,0.14528924226760864,-0.1670612394809723
Oracle-Individual,6,0.32429397106170654,0.14846213161945343,-0.1758318394422531
Oracle-Individual,7,0.3368546664714813,0.14731533825397491,-0.1895393282175064
Oracle-Individual,8,0.34340018033981323,0.1439192146062851,-0.19948096573352814
Oracle-Individual,9,0.34584885835647583,0.1433151364326477,-0.20253372192382812
Oracle-Individual,10,0.3427376449108124,0.14164559543132782,-0.20109204947948456
Oracle-Individual,11,0.35648396611213684,0.14167577028274536,-0.21480819582939148
Oracle-Individual,12,0.34754276275634766,0.14166824519634247,-0.2058745175600052
Oracle-Individual,13,0.3508741557598114,0.14078058302402496,-0.21009357273578644
Oracle-Individual,14,0.3522796928882599,0.14405734837055206,-0.20822234451770782
Oracle-Individual,15,0.35845935344696045,0.14418479800224304,-0.2142745554447174
Oracle-Individual,16,0.3550506830215454,0.14667971432209015,-0.20837096869945526
Oracle-Individual,17,0.3524538278579712,0.15244436264038086,-0.20000946521759033
Oracle-Individual,18,0.3462146520614624,0.15467919409275055,-0.19153545796871185
Oracle-Individual,19,0.34071412682533264,0.15568475425243378,-0.18502937257289886
Oracle-Individual,20,0.3322613835334778,0.16106656193733215,-0.17119482159614563
Oracle-Individual,21,0.3291364014148712,0.1627853512763977,-0.1663510501384735
Oracle-Individual,22,0.33150604367256165,0.15977197885513306,-0.1717340648174286
Oracle-Individual,23,0.3319018483161926,0.15130677819252014,-0.18059507012367249
Oracle-Individual,24,0.33367371559143066,0.146550714969635,-0.18712300062179565
Oracle-Individual,25,0.3414066731929779,0.1487760841846466,-0.1926305890083313
Oracle-Individual,26,0.35546693205833435,0.15234802663326263,-0.20311890542507172
Oracle-Individual,27,0.36839064955711365,0.15219774842262268,-0.21619290113449097
Oracle-Individual,28,0.3782218098640442,0.15321479737758636,-0.22500701248645782
Oracle-Individual,29,0.3870416581630707,0.14842693507671356,-0.23861472308635712
Oracle-Individual,30,0.39024055004119873,0.14686985313892365,-0.24337069690227509
Oracle-Individual,31,0.39556440711021423,0.14652106165885925,-0.24904334545135498
Oracle-Individual,32,0.3994000256061554,0.1471925526857376,-0.2522074580192566
Oracle-Individual,33,0.39864590764045715,0.14614474773406982,-0.25250115990638733
Oracle-Individual,34,0.3953130543231964,0.14562562108039856,-0.24968743324279785
Oracle-Individual,35,0.3948119580745697,0.14572352170944214,-0.24908843636512756
Oracle-Individual,36,0.3944447934627533,0.1452062726020813,-0.249238520860672
Oracle-Individual,37,0.3935944139957428,0.14605829119682312,-0.24753612279891968
Oracle-Individual,38,0.39199593663215637,0.1480673998594284,-0.24392853677272797
Oracle-Individual,39,0.386039674282074,0.1484246850013733,-0.23761498928070068
Oracle-Individual,40,0.38731279969215393,0.1493629664182663,-0.23794983327388763
Oracle-Individual,41,0.3831880986690521,0.14894849061965942,-0.2342396080493927
Oracle-Individual,42,0.3819885849952698,0.1505414992570877,-0.23144708573818207
Oracle-Individual,43,0.3800871968269348,0.1516886055469513,-0.22839859127998352
Oracle-Individual,44,0.3849268853664398,0.15508747100830078,-0.22983941435813904
Oracle-Individual,45,0.38269028067588806,0.15185612440109253,-0.23083415627479553
Oracle-Individual,46,0.3729466497898102,0.1486194133758545,-0.2243272364139557
Oracle-Individual,47,0.37081366777420044,0.14594565331935883,-0.2248680144548416
Oracle-Individual,48,0.3765347898006439,0.14219623804092407,-0.23433855175971985
Oracle-Individual,49,0.38237497210502625,0.1429366022348404,-0.23943836987018585
Oracle-Individual,50,0.3955538868904114,0.14491580426692963,-0.25063806772232056
Oracle-Individual,51,0.4119301736354828,0.1436004340648651,-0.2683297395706177
Oracle-Individual,52,0.416680246591568,0.1446693241596222,-0.2720109224319458
Oracle-Individual,53,0.42092522978782654,0.1442633718252182,-0.27666187286376953
Oracle-Individual,54,0.4284147322177887,0.14566771686077118,-0.2827470302581787
Oracle-Individual,55,0.43325942754745483,0.14523793756961823,-0.2880215048789978
Oracle-Individual,56,0.43573087453842163,0.14541971683502197,-0.29031115770339966
Oracle-Individual,57,0.43975722789764404,0.1435360163450241,-0.29622119665145874
Oracle-Individual,58,0.43127310276031494,0.14265522360801697,-0.288617879152298
Oracle-Individual,59,0.4376293420791626,0.14225462079048157,-0.29537472128868103
Oracle-Individual,60,0.4349977970123291,0.14115644991397858,-0.2938413619995117
Oracle-Individual,61,0.4344896078109741,0.14038920402526855,-0.29410040378570557
Oracle-Individual,62,0.4325408339500427,0.14182883501052856,-0.29071199893951416
Oracle-Individual,63,0.42660441994667053,0.1428072452545166,-0.28379717469215393
Oracle-Individual,64,0.42998385429382324,0.1434473842382431,-0.28653645515441895
Oracle-Individual,65,0.42848241329193115,0.14418673515319824,-0.2842956781387329
Oracle-Individual,66,0.4277636408805847,0.14537671208381653,-0.2823869287967682
Oracle-Individual,67,0.440768301486969,0.1450897604227066,-0.2956785559654236
Oracle-Individual,68,0.43590599298477173,0.148435577750206,-0.28747040033340454
Oracle-Individual,69,0.4293060302734375,0.14883606135845184,-0.28046995401382446
Oracle-Individual,70,0.41983479261398315,0.14626634120941162,-0.27356845140457153
Oracle-Individual,71,0.4210895895957947,0.14256849884986877,-0.2785210907459259
Oracle-Individual,72,0.420714795589447,0.14045347273349762,-0.2802613377571106
Oracle-Individual,73,0.43020856380462646,0.1418452262878418,-0.28836333751678467
Oracle-Individual,74,0.42667049169540405,0.1465766876935959,-0.280093789100647
Oracle-Individual,75,0.4312238395214081,0.1504248082637787,-0.2807990312576294
Oracle-Individual,76,0.43641018867492676,0.1490047425031662,-0.28740543127059937
Oracle-Individual,77,0.4411942660808563,0.15082016587257385,-0.29037410020828247
Oracle-Individual,78,0.44463229179382324,0.15189749002456665,-0.2927348017692566
Oracle-Individual,79,0.447416216135025,0.15130122005939484,-0.296114981174469
Oracle-Individual,80,0.45095422863960266,0.14995431900024414,-0.3009999096393585
Oracle-Individual,81,0.4543905556201935,0.14845837652683258,-0.3059321641921997
Oracle-Individual,82,0.45438188314437866,0.14764845371246338,-0.3067334294319153
Oracle-Individual,83,0.4576400816440582,0.14667260646820068,-0.31096747517585754
Oracle-Individual,84,0.4524327516555786,0.1482151299715042,-0.3042176365852356
Oracle-Individual,85,0.45626968145370483,0.1483946293592453,-0.30787503719329834
Oracle-Individual,86,0.4550722539424896,0.15014220774173737,-0.30493003129959106
Oracle-Individual,87,0.45272040367126465,0.15053923428058624,-0.3021811842918396
Oracle-Individual,88,0.4509740471839905,0.15154199302196503,-0.29943203926086426
Oracle-Individual,89,0.4491691589355469,0.15191872417926788,-0.2972504496574402
Oracle-Individual,90,0.4490405321121216,0.1539391428232193,-0.2951014041900635
Oracle-Individual,91,0.4466676712036133,0.15381541848182678,-0.2928522527217865
Oracle-Individual,92,0.44473719596862793,0.15672358870506287,-0.28801360726356506
Oracle-Individual,93,0.44502002000808716,0.16086618602275848,-0.2841538190841675
Oracle-Individual,94,0.4404565989971161,0.16645129024982452,-0.27400529384613037
Oracle-Individual,95,0.43867823481559753,0.17618609964847565,-0.2624921202659607
Oracle-Individual,96,0.43572911620140076,0.19449491798877716,-0.2412341982126236
Oracle-Individual(uniform),1,0.10829197615385056,0.08324854075908661,-0.025043435394763947
Oracle-Individual(uniform),2,0.17632590234279633,0.11721464991569519,-0.059111252427101135
Oracle-Individual(uniform),3,0.23593004047870636,0.13356390595436096,-0.1023661345243454
Oracle-Individual(uniform),4,0.2819179892539978,0.1397622674703598,-0.142155721783638
Oracle-Individual(uniform),5,0.31235048174858093,0.13805249333381653,-0.1742979884147644
Oracle-Individual(uniform),6,0.32429397106170654,0.13666562736034393,-0.1876283437013626
Oracle-Individual(uniform),7,0.3368546664714813,0.13429181277751923,-0.2025628536939621
Oracle-Individual(uniform),8,0.34340018033981323,0.133820042014122,-0.20958013832569122
Oracle-Individual(uniform),9,0.34584885835647583,0.1335296779870987,-0.21231918036937714
Oracle-Individual(uniform),10,0.3427376449108124,0.1329125463962555,-0.20982509851455688
Oracle-Individual(uniform),11,0.35648396611213684,0.13235177099704742,-0.22413219511508942
Oracle-Individual(uniform),12,0.34754276275634766,0.13331204652786255,-0.2142307162284851
Oracle-Individual(uniform),13,0.3508741557598114,0.13424865901470184,-0.21662549674510956
Oracle-Individual(uniform),14,0.3522796928882599,0.13798263669013977,-0.21429705619812012
Oracle-Individual(uniform),15,0.35845935344696045,0.1393696814775467,-0.21908967196941376
Oracle-Individual(uniform),16,0.3550506830215454,0.14019854366779327,-0.21485213935375214
Oracle-Individual(uniform),17,0.3524538278579712,0.14273519814014435,-0.20971862971782684
Oracle-Individual(uniform),18,0.3462146520614624,0.14347876608371735,-0.20273588597774506
Oracle-Individual(uniform),19,0.34071412682533264,0.14584092795848846,-0.19487319886684418
Oracle-Individual(uniform),20,0.3322613835334778,0.15317893028259277,-0.179082453250885
Oracle-Individual(uniform),21,0.3291364014148712,0.1572088599205017,-0.1719275414943695
Oracle-Individual(uniform),22,0.33150604367256165,0.1511709988117218,-0.18033504486083984
Oracle-Individual(uniform),23,0.3319018483161926,0.1394944190979004,-0.19240742921829224
Oracle-Individual(uniform),24,0.33367371559143066,0.13300779461860657,-0.2006659209728241
Oracle-Individual(uniform),25,0.3414066731929779,0.13803508877754211,-0.2033715844154358
Oracle-Individual(uniform),26,0.35546693205833435,0.14280931651592255,-0.2126576155424118
Oracle-Individual(uniform),27,0.36839064955711365,0.14257243275642395,-0.2258182168006897
Oracle-Individual(uniform),28,0.3782218098640442,0.1428595930337906,-0.2353622168302536
Oracle-Individual(uniform),29,0.3870416581630707,0.13857154548168182,-0.24847011268138885
Oracle-Individual(uniform),30,0.39024055004119873,0.1380220204591751,-0.2522185444831848
Oracle-Individual(uniform),31,0.39556440711021423,0.1370897740125656,-0.2584746479988098
Oracle-Individual(uniform),32,0.3994000256061554,0.1382068693637848,-0.2611931562423706
Oracle-Individual(uniform),33,0.39864590764045715,0.1373692750930786,-0.26127663254737854
Oracle-Individual(uniform),34,0.3953130543231964,0.1373586505651474,-0.2579544186592102
Oracle-Individual(uniform),35,0.3948119580745697,0.13556809723377228,-0.25924384593963623
Oracle-Individual(uniform),36,0.3944447934627533,0.1344517469406128,-0.2599930465221405
Oracle-Individual(uniform),37,0.3935944139957428,0.13634030520915985,-0.25725412368774414
Oracle-Individual(uniform),38,0.39199593663215637,0.1386074274778366,-0.25338852405548096
Oracle-Individual(uniform),39,0.386039674282074,0.13985183835029602,-0.24618783593177795
Oracle-Individual(uniform),40,0.38731279969215393,0.13975094258785248,-0.24756185710430145
Oracle-Individual(uniform),41,0.3831880986690521,0.13934096693992615,-0.24384713172912598
Oracle-Individual(uniform),42,0.3819885849952698,0.14005661010742188,-0.2419319748878479
Oracle-Individual(uniform),43,0.3800871968269348,0.14274421334266663,-0.2373429834842682
Oracle-Individual(uniform),44,0.3849268853664398,0.14591853320598602,-0.2390083521604538
Oracle-Individual(uniform),45,0.38269028067588806,0.14627106487751007,-0.236419215798378
Oracle-Individual(uniform),46,0.3729466497898102,0.14358174800872803,-0.22936490178108215
Oracle-Individual(uniform),47,0.37081366777420044,0.1369054764509201,-0.23390819132328033
Oracle-Individual(uniform),48,0.3765347898006439,0.1318703442811966,-0.24466444551944733
Oracle-Individual(uniform),49,0.38237497210502625,0.13505078852176666,-0.24732418358325958
Oracle-Individual(uniform),50,0.3955538868904114,0.13842959702014923,-0.25712430477142334
Oracle-Individual(uniform),51,0.4119301736354828,0.13829876482486725,-0.27363139390945435
Oracle-Individual(uniform),52,0.416680246591568,0.13788792490959167,-0.2787923216819763
Oracle-Individual(uniform),53,0.42092522978782654,0.13645103573799133,-0.2844741940498352
Oracle-Individual(uniform),54,0.4284147322177887,0.13659822940826416,-0.29181650280952454
Oracle-Individual(uniform),55,0.43325942754745483,0.13396254181861877,-0.29929688572883606
Oracle-Individual(uniform),56,0.43573087453842163,0.13401912152767181,-0.3017117381095886
Oracle-Individual(uniform),57,0.43975722789764404,0.13258954882621765,-0.3071676790714264
Oracle-Individual(uniform),58,0.43127310276031494,0.13249178230762482,-0.2987813353538513
Oracle-Individual(uniform),59,0.4376293420791626,0.13083304464817047,-0.3067963123321533
Oracle-Individual(uniform),60,0.4349977970123291,0.130567729473114,-0.3044300675392151
Oracle-Individual(uniform),61,0.4344896078109741,0.12959478795528412,-0.3048948049545288
Oracle-Individual(uniform),62,0.4325408339500427,0.13168969750404358,-0.30085113644599915
Oracle-Individual(uniform),63,0.42660441994667053,0.1338104009628296,-0.29279401898384094
Oracle-Individual(uniform),64,0.42998385429382324,0.1337609440088272,-0.2962229251861572
Oracle-Individual(uniform),65,0.42848241329193115,0.1334245651960373,-0.29505783319473267
Oracle-Individual(uniform),66,0.4277636408805847,0.1338197886943817,-0.293943852186203
Oracle-Individual(uniform),67,0.440768301486969,0.1345081329345703,-0.3062601685523987
Oracle-Individual(uniform),68,0.43590599298477173,0.13820642232894897,-0.29769957065582275
Oracle-Individual(uniform),69,0.4293060302734375,0.13965946435928345,-0.28964656591415405
Oracle-Individual(uniform),70,0.41983479261398315,0.13757255673408508,-0.28226223587989807
Oracle-Individual(uniform),71,0.4210895895957947,0.13216613233089447,-0.288923442363739
Oracle-Individual(uniform),72,0.420714795589447,0.12787413597106934,-0.2928406596183777
Oracle-Individual(uniform),73,0.43020856380462646,0.1319456547498703,-0.29826289415359497
Oracle-Individual(uniform),74,0.42667049169540405,0.1372600644826889,-0.28941041231155396
Oracle-Individual(uniform),75,0.4312238395214081,0.1411813199520111,-0.290042519569397
Oracle-Individual(uniform),76,0.43641018867492676,0.13956771790981293,-0.29684245586395264
Oracle-Individual(uniform),77,0.4411942660808563,0.14036260545253754,-0.30083167552948
Oracle-Individual(uniform),78,0.44463229179382324,0.14090146124362946,-0.303730845451355
Oracle-Individual(uniform),79,0.447416216135025,0.13984009623527527,-0.30757611989974976
Oracle-Individual(uniform),80,0.45095422863960266,0.13718879222869873,-0.31376543641090393
Oracle-Individual(uniform),81,0.4543905556201935,0.13597121834754944,-0.31841933727264404
Oracle-Individual(uniform),82,0.45438188314437866,0.13472266495227814,-0.3196592330932617
Oracle-Individual(uniform),83,0.4576400816440582,0.1340368539094925,-0.32360321283340454
Oracle-Individual(uniform),84,0.4524327516555786,0.13468486070632935,-0.31774789094924927
Oracle-Individual(uniform),85,0.45626968145370483,0.13589872419834137,-0.32037097215652466
Oracle-Individual(uniform),86,0.4550722539424896,0.13871483504772186,-0.31635743379592896
Oracle-Individual(uniform),87,0.45272040367126465,0.1408597081899643,-0.31186068058013916
Oracle-Individual(uniform),88,0.4509740471839905,0.14081858098506927,-0.31015545129776
Oracle-Individual(uniform),89,0.4491691589355469,0.13990265130996704,-0.30926650762557983
Oracle-Individual(uniform),90,0.4490405321121216,0.14073409140110016,-0.3083064556121826
Oracle-Individual(uniform),91,0.4466676712036133,0.14235910773277283,-0.30430856347084045
Oracle-Individual(uniform),92,0.44473719596862793,0.1467960774898529,-0.297941118478775
Oracle-Individual(uniform),93,0.44502002000808716,0.15002559125423431,-0.29499441385269165
Oracle-Individual(uniform),94,0.4404565989971161,0.15431441366672516,-0.28614217042922974
Oracle-Individual(uniform),95,0.43867823481559753,0.16208313405513763,-0.2765951156616211
Oracle-Individual(uniform),96,0.43572911620140076,0.18030957877635956,-0.2554195523262024
Oracle-Set,1,0.10829197615385056,0.0739581510424614,-0.03433382511138916
Oracle-Set,2,0.17632590234279633,0.09502708911895752,-0.0812988132238388
Oracle-Set,3,0.23593004047870636,0.10393983870744705,-0.1319901943206787
Oracle-Set,4,0.2819179892539978,0.10626014322042465,-0.17565783858299255
Oracle-Set,5,0.31235048174858093,0.10480742901563644,-0.2075430452823639
Oracle-Set,6,0.32429397106170654,0.10102856904268265,-0.2232654094696045
Oracle-Set,7,0.3368546664714813,0.10011090338230133,-0.23674376308918
Oracle-Set,8,0.34340018033981323,0.09990586340427399,-0.24349431693553925
Oracle-Set,9,0.34584885835647583,0.09916092455387115,-0.24668793380260468
Oracle-Set,10,0.3427376449108124,0.09887449443340302,-0.24386315047740936
Oracle-Set,11,0.35648396611213684,0.09826043993234634,-0.2582235336303711
Oracle-Set,12,0.34754276275634766,0.09938464313745499,-0.24815812706947327
Oracle-Set,13,0.3508741557598114,0.10013323277235031,-0.2507409155368805
Oracle-Set,14,0.3522796928882599,0.10272827744483948,-0.2495514154434204
Oracle-Set,15,0.35845935344696045,0.1057300940155983,-0.25272926688194275
Oracle-Set,16,0.3550506830215454,0.10688609629869461,-0.2481645941734314
Oracle-Set,17,0.3524538278579712,0.10777641832828522,-0.24467740952968597
Oracle-Set,18,0.3462146520614624,0.1093873456120491,-0.2368273138999939
Oracle-Set,19,0.34071412682533264,0.10931044071912766,-0.2314036786556244
Oracle-Set,20,0.3322613835334778,0.11270195990800858,-0.2195594310760498
Oracle-Set,21,0.3291364014148712,0.11626891046762466,-0.21286749839782715
Oracle-Set,22,0.33150604367256165,0.1136244386434555,-0.21788160502910614
Oracle-Set,23,0.3319018483161926,0.10512889176607132,-0.2267729640007019
Oracle-Set,24,0.33367371559143066,0.09862522780895233,-0.23504848778247833
Oracle-Set,25,0.3414066731929779,0.10238061100244522,-0.23902606964111328
Oracle-Set,26,0.35546693205833435,0.10622493922710419,-0.24924199283123016
Oracle-Set,27,0.36839064955711365,0.1070249155163765,-0.26136574149131775
Oracle-Set,28,0.3782218098640442,0.10641718655824661,-0.2718046307563782
Oracle-Set,29,0.3870416581630707,0.10465401411056519,-0.2823876440525055
Oracle-Set,30,0.39024055004119873,0.10390562564134598,-0.28633493185043335
Oracle-Set,31,0.39556440711021423,0.10304026305675507,-0.29252415895462036
Oracle-Set,32,0.3994000256061554,0.10433906316757202,-0.2950609624385834
Oracle-Set,33,0.39864590764045715,0.10367832332849503,-0.2949675917625427
Oracle-Set,34,0.3953130543231964,0.10141580551862717,-0.29389724135398865
Oracle-Set,35,0.3948119580745697,0.10049384832382202,-0.2943181097507477
Oracle-Set,36,0.3944447934627533,0.09853635728359222,-0.29590845108032227
Oracle-Set,37,0.3935944139957428,0.10114559531211853,-0.29244881868362427
Oracle-Set,38,0.39199593663215637,0.10539638996124268,-0.2865995466709137
Oracle-Set,39,0.386039674282074,0.10609501600265503,-0.27994465827941895
Oracle-Set,40,0.38731279969215393,0.10602554678916931,-0.2812872529029846
Oracle-Set,41,0.3831880986690521,0.10709568113088608,-0.27609241008758545
Oracle-Set,42,0.3819885849952698,0.10571900010108948,-0.2762695848941803
Oracle-Set,43,0.3800871968269348,0.10527918487787247,-0.27480801939964294
Oracle-Set,44,0.3849268853664398,0.10545791685581207,-0.27946895360946655
Oracle-Set,45,0.38269028067588806,0.10772408545017242,-0.27496618032455444
Oracle-Set,46,0.3729466497898102,0.1047748401761055,-0.2681718170642853
Oracle-Set,47,0.37081366777420044,0.10170935839414597,-0.2691043019294739
Oracle-Set,48,0.3765347898006439,0.09790007770061493,-0.2786347270011902
Oracle-Set,49,0.38237497210502625,0.10092514753341675,-0.2814498245716095
Oracle-Set,50,0.3955538868904114,0.10457620769739151,-0.29097768664360046
Oracle-Set,51,0.4119301736354828,0.10457716137170792,-0.30735301971435547
Oracle-Set,52,0.416680246591568,0.10439689457416534,-0.31228333711624146
Oracle-Set,53,0.42092522978782654,0.1033490002155304,-0.31757622957229614
Oracle-Set,54,0.4284147322177887,0.10109639167785645,-0.32731834053993225
Oracle-Set,55,0.43325942754745483,0.09972681850194931,-0.3335326015949249
Oracle-Set,56,0.43573087453842163,0.10096728056669235,-0.3347635865211487
Oracle-Set,57,0.43975722789764404,0.10061337798833847,-0.339143842458725
Oracle-Set,58,0.43127310276031494,0.09988023340702057,-0.33139288425445557
Oracle-Set,59,0.4376293420791626,0.09879752993583679,-0.3388318121433258
Oracle-Set,60,0.4349977970123291,0.0989069864153862,-0.3360908031463623
Oracle-Set,61,0.4344896078109741,0.09799113124608994,-0.3364984691143036
Oracle-Set,62,0.4325408339500427,0.10091985017061234,-0.331620991230011
Oracle-Set,63,0.42660441994667053,0.10317233204841614,-0.3234320878982544
Oracle-Set,64,0.42998385429382324,0.10230907052755356,-0.3276747763156891
Oracle-Set,65,0.42848241329193115,0.10101734846830368,-0.3274650573730469
Oracle-Set,66,0.4277636408805847,0.10180789977312088,-0.32595574855804443
Oracle-Set,67,0.440768301486969,0.1025114357471466,-0.3382568657398224
Oracle-Set,68,0.43590599298477173,0.10172610729932785,-0.3341798782348633
Oracle-Set,69,0.4293060302734375,0.10355102270841599,-0.3257550001144409
Oracle-Set,70,0.41983479261398315,0.10224573314189911,-0.31758904457092285
Oracle-Set,71,0.4210895895957947,0.09806980937719345,-0.32301977276802063
Oracle-Set,72,0.420714795589447,0.09441232681274414,-0.3263024687767029
Oracle-Set,73,0.43020856380462646,0.09813737124204636,-0.3320711851119995
Oracle-Set,74,0.42667049169540405,0.10171080380678177,-0.3249596953392029
Oracle-Set,75,0.4312238395214081,0.10541446506977081,-0.3258093595504761
Oracle-Set,76,0.43641018867492676,0.10387657582759857,-0.332533597946167
Oracle-Set,77,0.4411942660808563,0.1026293933391571,-0.3385648727416992
Oracle-Set,78,0.44463229179382324,0.10249607264995575,-0.3421362042427063
Oracle-Set,79,0.447416216135025,0.10219541192054749,-0.34522080421447754
Oracle-Set,80,0.45095422863960266,0.1003744974732399,-0.35057973861694336
Oracle-Set,81,0.4543905556201935,0.10001477599143982,-0.35437577962875366
Oracle-Set,82,0.45438188314437866,0.10041133314371109,-0.35397055745124817
Oracle-Set,83,0.4576400816440582,0.09787015616893768,-0.35976994037628174
Oracle-Set,84,0.4524327516555786,0.09835159778594971,-0.3540811538696289
Oracle-Set,85,0.45626968145370483,0.09999947994947433,-0.3562701940536499
Oracle-Set,86,0.4550722539424896,0.10144995898008347,-0.35362228751182556
Oracle-Set,87,0.45272040367126465,0.10422199219465256,-0.3484984040260315
Oracle-Set,88,0.4509740471839905,0.10402542352676392,-0.34694862365722656
Oracle-Set,89,0.4491691589355469,0.10355491936206818,-0.3456142544746399
Oracle-Set,90,0.4490405321121216,0.10389801859855652,-0.34514251351356506
Oracle-Set,91,0.4466676712036133,0.10509900003671646,-0.3415686786174774
Oracle-Set,92,0.44473719596862793,0.10598927736282349,-0.33874791860580444
Oracle-Set,93,0.44502002000808716,0.10691028833389282,-0.33810973167419434
Oracle-Set,94,0.4404565989971161,0.10736838728189468,-0.333088219165802
Oracle-Set,95,0.43867823481559753,0.11312473565340042,-0.3255535066127777
Oracle-Set,96,0.43572911620140076,0.1290741115808487,-0.30665498971939087
