cell,arm,oracle,prefix,score,best_epoch,best_val_fr_agg_mse,test_fr_agg_mse,final_val_fr_agg_mse,final_effective_rank,final_mean_pairwise_cosine,final_encoder_param_displacement,cosine_init_deviation,encoder_init_sha256,independent_base_only_mse,independent_base_only_mae,retrieval_augmented_frozen_host_mse,retrieval_augmented_frozen_host_mae,delta_mse_vs_independent_base,delta_mae_vs_independent_base,relative_improvement_vs_independent_base_pct,frozen_host_retrieval_ablated_branch_mse,diag_delta_mse_vs_host_ablated_branch,frozen_host_original_retrieval_mse,diag_delta_mse_vs_host_original_retrieval,duplicate_rate,invalid_rate,y_base_identical_to_reference,matched_val_epoch1,matched_test_epoch1,matched_val_epoch5,matched_test_epoch5,matched_val_epoch10,matched_test_epoch10,test_oracle_action_acc,test_expert_rank_median,test_expert_regret_mean,test_ndcg_at_10,test_spearman,test_selected_individual_future_mse
ETTh1_96,individual_tf_cosine,individual,tf,cosine,1,0.7496106728051497,0.4386258588582621,0.786537572038299,52.936790466308594,0.0886201485991478,0.4725199263694684,0.0,56588522de17ff762c2db6b4c7e6b1dc0fbe635f0c755f5d5e9e2804d4c978cd,0.38645120843960873,0.3946579841769658,0.3829426023749558,0.40535521592463636,-0.0035086060646529194,0.010697231747670566,0.907904022041948,0.6467320424344302,-0.26378944005947436,0.3731216918222617,0.009820910552694129,0.0,0.0,,0.7496106728051497,0.4386258588582621,0.790948188001451,0.4442983808212324,,,0.00783786525974026,613.3431818181818,0.5174893713866167,0.9706624525611277,0.3905032311501845,0.7100537485335712
ETTh1_96,individual_tf_asymmetric,individual,tf,asymmetric,1,0.7780877049350224,0.4578055296548496,0.7897598547136273,60.34917449951172,0.11820975691080093,0.4533634323789684,0.0,56588522de17ff762c2db6b4c7e6b1dc0fbe635f0c755f5d5e9e2804d4c978cd,0.38645120843960873,0.3946579841769658,0.387452075358506,0.40812485751875793,0.0010008669188972807,0.01346687334179214,-0.2589892066681654,0.6467320424344302,-0.25927996707592416,0.3731216918222617,0.014330383536244329,0.0,0.0,True,0.7780877049350224,0.4578055296548496,0.8119080563429595,0.4708395838295116,,,0.00734577922077922,634.4042207792207,0.5520035242800927,0.9684852124228105,0.3486678609496029,0.7441597418274499
ETTh1_96,individual_onpolicy_cosine,individual,onpolicy,cosine,2,0.7326377608399876,0.41772384419624037,0.7333879601595401,52.040836334228516,0.2828698456287384,0.4198156421195928,0.0,56588522de17ff762c2db6b4c7e6b1dc0fbe635f0c755f5d5e9e2804d4c978cd,0.38645120843960873,0.3946579841769658,0.37644192430721735,0.40058428704906773,-0.010009284132391383,0.005926302872101941,2.5900511924406486,0.6467320424344302,-0.2702901181272128,0.3731216918222617,0.0033202324849556653,0.0,0.0,True,0.735104885383978,0.42024759019881003,0.7438615444364471,0.42003688157898444,,,0.008375608766233767,548.9595779220779,0.5195310576971585,0.9698744451167522,0.36707543610119964,0.7120432492688771
ETTh1_96,individual_onpolicy_asymmetric,individual,onpolicy,asymmetric,9,0.7371522057554024,0.42862891428670374,0.7439042640975589,58.02193069458008,0.23193328082561493,0.4983597301378637,0.0,56588522de17ff762c2db6b4c7e6b1dc0fbe635f0c755f5d5e9e2804d4c978cd,0.38645120843960873,0.3946579841769658,0.37980828998210525,0.40278633753947846,-0.006642918457503477,0.008128353362512664,1.7189539875747537,0.6467320424344302,-0.2669237524523249,0.3731216918222617,0.006686598159843571,0.0,0.0,True,0.7561559868993194,0.42419341574479147,0.743240811868023,0.42540070313623995,0.7439042640975589,0.42578666493529277,0.00854301948051948,485.73051948051955,0.5122903579702396,0.9710308941056975,0.3506428104225626,0.7046115027861548
ETTh1_96,set_tf_cosine,greedy_set,tf,cosine,3,0.7930404159769504,0.4939984001674066,0.8335281192209207,45.05120849609375,0.3621625304222107,0.4627973991611585,0.0,56588522de17ff762c2db6b4c7e6b1dc0fbe635f0c755f5d5e9e2804d4c978cd,0.38645120843960873,0.3946579841769658,0.39197564392892115,0.41266249108540765,0.005524435489312418,0.018004506908441853,-1.4295298782008412,0.6467320424344302,-0.254756398505509,0.3731216918222617,0.018853952106659466,0.0,0.0,True,0.8271157262274992,0.5069872960688082,0.8085794764532435,0.4928877602124725,,,0.010191761363636363,851.6535714285714,0.20830203546392548,0.6568638719908604,0.23223538754623146,1.1553550828726018
ETTh1_96,set_tf_asymmetric,greedy_set,tf,asymmetric,4,0.8451279327888677,0.5186878043683363,0.8909825703896874,49.5942268371582,0.1639547348022461,0.47459107544196927,0.0,56588522de17ff762c2db6b4c7e6b1dc0fbe635f0c755f5d5e9e2804d4c978cd,0.38645120843960873,0.3946579841769658,0.3979109976977948,0.41847738005253377,0.011459789258186082,0.023819395875567972,-2.965390975087847,0.6467320424344302,-0.24882104473663536,0.3731216918222617,0.02478930587553313,0.0,0.0,True,0.8727688119098235,0.5365415695463275,0.8608191220039633,0.5131946519697498,,,0.010369318181818181,894.259090909091,0.23483453014859465,0.6492493620214911,0.23692216426882298,1.2010139973386638
ETTh1_96,set_onpolicy_cosine,greedy_set,onpolicy,cosine,1,0.7116541235622427,0.4160590389184033,0.7217874500439025,60.96308898925781,0.057837892323732376,0.40455165896428164,0.0,56588522de17ff762c2db6b4c7e6b1dc0fbe635f0c755f5d5e9e2804d4c978cd,0.38645120843960873,0.3946579841769658,0.37622031404022843,0.4003955418649592,-0.010230894399380297,0.005737557687993389,2.647396146253504,0.6467320424344302,-0.27051172839420173,0.3731216918222617,0.003098622217966751,0.0,0.0,True,0.7116541235622427,0.4160590389184033,0.7262220441039616,0.4224261144194757,,,0.02900771103896104,114.35633116883116,0.1451651745422156,0.6872895464010828,0.18332988661748703,0.7395889704248735
ETTh1_96,set_onpolicy_asymmetric,greedy_set,onpolicy,asymmetric,2,0.7140509399288998,0.42109084645996575,0.7251593474907335,62.39679718017578,0.2310820072889328,0.42668222755572993,0.0,56588522de17ff762c2db6b4c7e6b1dc0fbe635f0c755f5d5e9e2804d4c978cd,0.38645120843960873,0.3946579841769658,0.3783506757552434,0.4019415010007271,-0.008100532684365336,0.007283516823761327,2.0961333558958755,0.6467320424344302,-0.2683813666791868,0.3731216918222617,0.005228983932981712,0.0,0.0,True,0.7201563188288801,0.418006273811417,0.7241707123759642,0.42305196949280083,,,0.031128246753246748,103.56477272727273,0.14843571151949936,0.6817391021636786,0.16918586899686305,0.7567642912425875
ETTh1_720,individual_tf_cosine,individual,tf,cosine,4,1.8058243319229668,0.7111191998913795,1.8325279935255647,31.875858306884766,0.16282953321933746,0.5621794827863306,0.0,b28b1ab2b83cf50efb270cc5b99a9088eae05911426ea26ac07cb0e9106b9697,0.4914503248939075,0.4922098118166652,0.4845716291159617,0.49639293815544594,-0.006878695777945809,0.004183126338780763,1.3996726483863362,0.4557978017742603,0.028773827341701363,0.46827278391906857,0.01629884519689312,0.0,0.0,,1.8250462496801576,0.6439621065994275,1.8173042422065324,0.7160628189797552,,,0.005573792016806722,799.9382352941176,0.5531318707501187,0.9571835409568138,0.17907165823968005,0.99638002993492
ETTh1_720,individual_tf_asymmetric,individual,tf,asymmetric,8,1.7118763709608904,0.6270372339901672,1.7139484182403053,39.62509536743164,0.28573012351989746,0.5790149014971508,0.0,b28b1ab2b83cf50efb270cc5b99a9088eae05911426ea26ac07cb0e9106b9697,0.4914503248939075,0.4922098118166652,0.47278431824958406,0.4869060483938533,-0.01866600664432344,-0.005303763422811858,3.7981471776121,0.4557978017742603,0.016986516475323732,0.46827278391906857,0.004511534330515488,0.0,0.0,True,1.8145606908510103,0.7187042254768644,1.7958962200669404,0.6128938967075022,1.7139484182403053,0.613503764040875,0.015158103682695568,610.4632352941177,0.3844786797086669,0.9705549246874176,0.22629290187423381,0.8287103555736547
ETTh1_720,individual_onpolicy_cosine,individual,onpolicy,cosine,2,1.631595160220851,0.5821649892840672,1.6680907505379876,40.44658279418945,0.15777292847633362,0.5064439792919544,0.0,b28b1ab2b83cf50efb270cc5b99a9088eae05911426ea26ac07cb0e9106b9697,0.4914503248939075,0.4922098118166652,0.46650096278304337,0.4806885595907199,-0.024949362110864126,-0.0115212522259453,5.076680357521404,0.4557978017742603,0.010703161008783046,0.46827278391906857,-0.0017718211360251979,0.0,0.0,True,1.6565633940272741,0.5729644210606374,1.668698104192144,0.6043053224191258,,,0.015066191917989686,419.1466386554622,0.43838106509798963,0.9695462928850109,0.28587416487356604,0.8823477651094315
ETTh1_720,individual_onpolicy_asymmetric,individual,onpolicy,asymmetric,7,1.6662937702265452,0.598619976826714,1.696825966261632,43.135440826416016,0.2274327576160431,0.5912003113412937,0.0,b28b1ab2b83cf50efb270cc5b99a9088eae05911426ea26ac07cb0e9106b9697,0.4914503248939075,0.4922098118166652,0.4694247604799044,0.4836078637214179,-0.022025564414003107,-0.00860194809524728,4.481747859004448,0.4557978017742603,0.013626958705644066,0.46827278391906857,0.0011519765608358212,0.0,0.0,True,1.7651539615498206,0.637853895214361,1.7045081752916553,0.6042716491164853,1.696825966261632,0.6099671283259681,0.01619616596638656,534.6512605042017,0.41030212849253367,0.9700030079408852,0.293756491814804,0.8545530237523573
ETTh1_720,set_tf_cosine,greedy_set,tf,cosine,6,1.7238492770575482,0.728181649839964,1.799496370116205,38.62928771972656,0.15243911743164062,0.5822947206468311,0.0,b28b1ab2b83cf50efb270cc5b99a9088eae05911426ea26ac07cb0e9106b9697,0.4914503248939075,0.4922098118166652,0.4846780433188816,0.4950395512726049,-0.006772281575025907,0.002829739455939728,1.3780195539575404,0.4557978017742603,0.028880241544621266,0.46827278391906857,0.01640525939981302,0.0,0.0,True,1.7847473293694562,0.6509638430618787,1.7857851009024674,0.7468588391290966,1.799496370116205,0.7448526040618951,0.00449131858699462,605.3869747899159,0.2599357328440274,0.551531000256914,0.2614927697039693,1.233987813956347
ETTh1_720,set_tf_asymmetric,greedy_set,tf,asymmetric,1,1.7773093382254812,0.6709288663744981,1.8583324186121186,43.26813507080078,0.20742885768413544,0.45273435150988595,0.0,b28b1ab2b83cf50efb270cc5b99a9088eae05911426ea26ac07cb0e9106b9697,0.4914503248939075,0.4922098118166652,0.47305396880199035,0.4864558729722608,-0.018396356091917143,-0.005753938844404394,3.743278854457667,0.4557978017742603,0.01725616702773003,0.46827278391906857,0.004781184882921785,0.0,0.0,True,1.7773093382254812,0.6709288663744981,1.8570522718895464,0.7461504683882607,,,0.005354053387027077,474.00819327731097,0.25997667213150566,0.6109920730329111,0.28448614927512605,1.2206346789108857
ETTh1_720,set_onpolicy_cosine,greedy_set,onpolicy,cosine,1,1.6159649267226286,0.5730103525803663,1.661926501377439,43.41142272949219,0.14330023527145386,0.4308411724096617,0.0,b28b1ab2b83cf50efb270cc5b99a9088eae05911426ea26ac07cb0e9106b9697,0.4914503248939075,0.4922098118166652,0.46984270732336586,0.4834164002877489,-0.021607617570541637,-0.008793411528916273,4.396704300725859,0.4557978017742603,0.014044905549105535,0.46827278391906857,0.001569923404297291,0.0,0.0,True,1.6159649267226286,0.5730103525803663,1.6290334843356713,0.608238809728304,,,0.016134376546070604,110.54390756302523,0.15733820240995494,0.6422774375173725,0.37773726395126156,1.0202346066435595
ETTh1_720,set_onpolicy_asymmetric,greedy_set,onpolicy,asymmetric,8,1.6010059985054093,0.6135914276066559,1.638088384103009,45.87967300415039,0.19935037195682526,0.5420323941114924,0.0,b28b1ab2b83cf50efb270cc5b99a9088eae05911426ea26ac07cb0e9106b9697,0.4914503248939075,0.4922098118166652,0.47904212039167915,0.4905378357912269,-0.012408204502228348,-0.001671976025438282,2.524813571932623,0.4557978017742603,0.023244318617418824,0.46827278391906857,0.01076933647261058,0.0,0.0,True,1.6760800854893554,0.5821785725706858,1.6682225704792037,0.5938348097771893,1.638088384103009,0.6197892735338089,0.01512103003191472,128.39117647058825,0.19296383035228346,0.611283612777205,0.24535331644012062,1.1064636600743822
