cell,type,factor,metric,mean_individual,mean_greedy_set,effect_hi_minus_lo,better_level,n_arms,mean_tf,mean_onpolicy,mean_cosine,mean_asymmetric,individual|tf,individual|onpolicy,greedy_set|tf,greedy_set|onpolicy,interaction,individual|cosine,individual|asymmetric,greedy_set|cosine,greedy_set|asymmetric,tf|cosine,tf|asymmetric,onpolicy|cosine,onpolicy|asymmetric,value
ETTh1_96,main_effect,oracle,test_fr_agg_mse,0.4356960367490139,0.462459022478528,0.026762985729514077,individual,8,,,,,,,,,,,,,,,,,,
ETTh1_96,main_effect,oracle,delta_mse_vs_independent_base,-0.004789985433912625,-0.00033680058406178326,0.004453184849850841,individual,8,,,,,,,,,,,,,,,,,,
ETTh1_96,main_effect,oracle,retrieval_augmented_frozen_host_mse,0.38166122300569605,0.38611440785554696,0.004453184849850911,individual,8,,,,,,,,,,,,,,,,,,
ETTh1_96,main_effect,oracle,final_effective_rank,55.83718299865723,54.50133037567139,-1.3358526229858398,greedy_set,8,,,,,,,,,,,,,,,,,,
ETTh1_96,main_effect,prefix,test_fr_agg_mse,,,-0.056403737296885414,onpolicy,8,0.47727939826221366,0.42087566096532825,,,,,,,,,,,,,,,,
ETTh1_96,main_effect,prefix,delta_mse_vs_independent_base,,,-0.012365028818845838,onpolicy,8,0.0036191214004357153,-0.008745907418410123,,,,,,,,,,,,,,,,
ETTh1_96,main_effect,prefix,retrieval_augmented_frozen_host_mse,,,-0.01236502881884588,onpolicy,8,0.39007032984004447,0.3777053010211986,,,,,,,,,,,,,,,,
ETTh1_96,main_effect,prefix,final_effective_rank,,,6.3728132247924805,tf,8,51.982850074768066,58.35566329956055,,,,,,,,,,,,,,,,
ETTh1_96,main_effect,score,test_fr_agg_mse,,,0.014951488157385673,cosine,8,,,0.4416017855350781,0.4565532736924638,,,,,,,,,,,,,,
ETTh1_96,main_effect,score,delta_mse_vs_independent_base,,,0.003985388535581683,cosine,8,,,-0.004556087276778045,-0.0005706987411963627,,,,,,,,,,,,,,
ETTh1_96,main_effect,score,retrieval_augmented_frozen_host_mse,,,0.003985388535581669,cosine,8,,,0.3818951211628307,0.38588050969841237,,,,,,,,,,,,,,
ETTh1_96,main_effect,score,final_effective_rank,,,4.842551231384277,cosine,8,,,52.74798107147217,57.590532302856445,,,,,,,,,,,,,,
ETTh1_96,interaction,oracle x prefix,test_fr_agg_mse,,,,,8,,,,,0.44821569425655583,0.42317637924147206,0.5063431022678715,0.4185749426891845,-0.06272884456360323,,,,,,,,,
ETTh1_96,interaction,oracle x prefix,delta_mse_vs_independent_base,,,,,8,,,,,-0.0012538695728778193,-0.00832610129494743,0.00849211237374925,-0.009165713541872816,-0.010585594193552456,,,,,,,,,
ETTh1_96,interaction,oracle x prefix,retrieval_augmented_frozen_host_mse,,,,,8,,,,,0.3851973388667309,0.3781251071446613,0.394943320813358,0.3772854948977359,-0.010585594193552483,,,,,,,,,
ETTh1_96,interaction,oracle x prefix,final_effective_rank,,,,,8,,,,,56.642982482910156,55.0313835144043,47.32271766662598,61.6799430847168,15.96882438659668,,,,,,,,,
ETTh1_96,interaction,oracle x score,test_fr_agg_mse,,,,,8,,,,,,,,,-0.0001817645722793637,0.4281748515272512,0.4432172219707767,0.4550287195429049,0.469889325414151,,,,,
ETTh1_96,interaction,oracle x score,delta_mse_vs_independent_base,,,,,8,,,,,,,,,9.493841272525949e-05,-0.006758945098522151,-0.0028210257693030982,-0.0023532294550339394,0.001679628286910373,,,,,
ETTh1_96,interaction,oracle x score,retrieval_augmented_frozen_host_mse,,,,,8,,,,,,,,,9.493841272528725e-05,0.3796922633410866,0.38363018267030563,0.38409797898457476,0.3881308367265191,,,,,
ETTh1_96,interaction,oracle x score,final_effective_rank,,,,,8,,,,,,,,,-3.708375930786133,52.488813400268555,59.1855525970459,53.00714874267578,55.99551200866699,,,,,
ETTh1_96,interaction,prefix x score,test_fr_agg_mse,,,,,8,,,,,,,,,-0.01396609868274562,,,,,0.46631212951283435,0.4882466670115929,0.41689144155732183,0.4248598803733348,
ETTh1_96,interaction,prefix x score,delta_mse_vs_independent_base,,,,,8,,,,,,,,,-0.0024740496812604984,,,,,0.0010079147123297494,0.006230328088541681,-0.01012008926588584,-0.0073717255709344065,
ETTh1_96,interaction,prefix x score,retrieval_augmented_frozen_host_mse,,,,,8,,,,,,,,,-0.0024740496812604706,,,,,0.3874591231519385,0.3926815365281504,0.37633111917372286,0.3790794828686743,
ETTh1_96,interaction,prefix x score,final_effective_rank,,,,,8,,,,,,,,,-2.2702999114990234,,,,,48.99399948120117,54.97170066833496,56.501962661743164,60.20936393737793,
ETTh1_720,main_effect,oracle,test_fr_agg_mse,0.629735349998082,0.6464280741003711,0.016692724102289058,individual,8,,,,,,,,,,,,,,,,,,
ETTh1_720,main_effect,oracle,delta_mse_vs_independent_base,-0.01812990723678412,-0.014796114934928259,0.003333792301855862,individual,8,,,,,,,,,,,,,,,,,,
ETTh1_720,main_effect,oracle,retrieval_augmented_frozen_host_mse,0.4733204176571234,0.4766542099589792,0.00333379230185582,individual,8,,,,,,,,,,,,,,,,,,
ETTh1_720,main_effect,oracle,final_effective_rank,38.77074432373047,42.79712963104248,4.026385307312012,individual,8,,,,,,,,,,,,,,,,,,
ETTh1_720,main_effect,prefix,test_fr_agg_mse,,,-0.09247005094955141,onpolicy,8,0.6843167375240022,0.5918466865744508,,,,,,,,,,,,,,,,
ETTh1_720,main_effect,prefix,delta_mse_vs_independent_base,,,-0.00756935212710623,onpolicy,8,-0.012678335022303075,-0.020247687149409305,,,,,,,,,,,,,,,,
ETTh1_720,main_effect,prefix,retrieval_augmented_frozen_host_mse,,,-0.007569352127106188,onpolicy,8,0.4787719898716044,0.4712026377444982,,,,,,,,,,,,,,,,
ETTh1_720,main_effect,prefix,final_effective_rank,,,4.868685722351074,tf,8,38.34959411621094,43.21827983856201,,,,,,,,,,,,,,,,
ETTh1_720,main_effect,score,test_fr_agg_mse,,,-0.021074671699435554,asymmetric,8,,,0.6486190478989443,0.6275443761995088,,,,,,,,,,,,,,
ETTh1_720,main_effect,score,delta_mse_vs_independent_base,,,-0.00282204365452364,asymmetric,8,,,-0.01505198925859437,-0.01787403291311801,,,,,,,,,,,,,,
ETTh1_720,main_effect,score,retrieval_augmented_frozen_host_mse,,,-0.002822043654523654,asymmetric,8,,,0.4763983356353131,0.47357629198078943,,,,,,,,,,,,,,
ETTh1_720,main_effect,score,final_effective_rank,,,4.386298179626465,cosine,8,,,38.59078788757324,42.97708606719971,,,,,,,,,,,,,,
ETTh1_720,interaction,oracle x prefix,test_fr_agg_mse,,,,,8,,,,,0.6690782169407734,0.5903924830553906,0.6995552581072311,0.5933008900935111,-0.02756863412833721,,,,,,,,,
ETTh1_720,interaction,oracle x prefix,delta_mse_vs_independent_base,,,,,8,,,,,-0.012772351211134625,-0.023487463262433617,-0.012584318833471525,-0.017007911036384993,0.006291519848385524,,,,,,,,,
ETTh1_720,interaction,oracle x prefix,retrieval_augmented_frozen_host_mse,,,,,8,,,,,0.4786779736827729,0.4679628616314739,0.47886600606043594,0.4744424138575225,0.006291519848385552,,,,,,,,,
ETTh1_720,interaction,oracle x prefix,final_effective_rank,,,,,8,,,,,35.7504768371582,41.791011810302734,40.94871139526367,44.64554786682129,-2.343698501586914,,,,,,,,,
ETTh1_720,interaction,oracle x score,test_fr_agg_mse,,,,,8,,,,,,,,,0.025477634959694573,0.6466420945877234,0.6128286054084406,0.6505960012101651,0.642260146990577,,,,,
ETTh1_720,interaction,oracle x score,delta_mse_vs_independent_base,,,,,8,,,,,,,,,0.0032194258604693327,-0.015914028944404968,-0.020345785529163274,-0.014189949572783772,-0.015402280297072746,,,,,
ETTh1_720,interaction,oracle x score,retrieval_augmented_frozen_host_mse,,,,,8,,,,,,,,,0.003219425860469305,0.47553629594950253,0.4711045393647442,0.47726037532112375,0.47604804459683475,,,,,
ETTh1_720,interaction,oracle x score,final_effective_rank,,,,,8,,,,,,,,,-1.6654987335205078,36.16122055053711,41.38026809692383,41.020355224609375,44.573904037475586,,,,,
ETTh1_720,interaction,prefix x score,test_fr_agg_mse,,,,,8,,,,,,,,,0.09918540596780734,,,,,0.7196504248656718,0.6489830501823326,0.5775876709322167,0.6061057022166849,
ETTh1_720,interaction,prefix x score,delta_mse_vs_independent_base,,,,,8,,,,,,,,,0.017767298074221588,,,,,-0.006825488676485858,-0.018531181368120292,-0.023278489840702882,-0.017216884458115728,
ETTh1_720,interaction,prefix x score,retrieval_augmented_frozen_host_mse,,,,,8,,,,,,,,,0.01776729807422156,,,,,0.48462483621742164,0.47291914352578723,0.4681718350532046,0.47423344043579174,
ETTh1_720,interaction,prefix x score,final_effective_rank,,,,,8,,,,,,,,,-3.615488052368164,,,,,35.252573013305664,41.44661521911621,41.92900276184082,44.5075569152832,
ALL,consistency,fr_agg_vs_delta_mse,pearson,,,,,16,,,,,,,,,,,,,,,,,,-0.358168173984697
ALL,consistency,fr_agg_vs_delta_mse,spearman,,,,,,,,,,,,,,,,,,,,,,,-0.2852941176470588
ALL,consistency,fr_agg_vs_stage2_mse,pearson,,,,,,,,,,,,,,,,,,,,,,,0.9460437673037773
ALL,consistency,fr_agg_vs_stage2_mse,spearman,,,,,,,,,,,,,,,,,,,,,,,0.9823529411764705
ETTh1_96,consistency,fr_agg_vs_delta_mse,spearman,,,,,,,,,,,,,,,,,,,,,,,1.0
ETTh1_720,consistency,fr_agg_vs_delta_mse,spearman,,,,,,,,,,,,,,,,,,,,,,,0.8571428571428571
Weather_96,consistency,fr_agg_vs_delta_mse,spearman,,,,,,,,,,,,,,,,,,,,,,,nan
Weather_720,consistency,fr_agg_vs_delta_mse,spearman,,,,,,,,,,,,,,,,,,,,,,,nan
